timestamp,hr,paceKmh,elevationM,cadence,lat,lon
2025-03-18T18:12:01+00:00,84,0.0,217.6,0,45.190418,5.767907
2025-03-18T18:12:02+00:00,84,1.2240000000000002,217.6,0,45.190416,5.767907
2025-03-18T18:12:03+00:00,84,1.2240000000000002,217.6,0,45.190413,5.767906
2025-03-18T18:12:04+00:00,83,1.2240000000000002,217.6,0,45.190411,5.767906
2025-03-18T18:12:05+00:00,83,1.2240000000000002,217.6,0,45.190408,5.767906
2025-03-18T18:12:06+00:00,82,1.2240000000000002,217.6,0,45.190406,5.767906
2025-03-18T18:12:07+00:00,82,1.2240000000000002,217.6,40,45.190403,5.767905
2025-03-18T18:12:08+00:00,85,1.2240000000000002,217.6,82,45.190401,5.767905
2025-03-18T18:12:09+00:00,87,1.2240000000000002,217.6,82,45.190398,5.767905
2025-03-18T18:12:10+00:00,89,1.2240000000000002,217.8,82,45.190396,5.767905
2025-03-18T18:12:11+00:00,91,1.2240000000000002,217.8,82,45.190393,5.767904
2025-03-18T18:12:12+00:00,93,1.2240000000000002,217.8,82,45.190391,5.767904
2025-03-18T18:12:13+00:00,95,1.2240000000000002,217.8,82,45.190388,5.767904
2025-03-18T18:12:14+00:00,97,1.2240000000000002,217.8,82,45.190386,5.767904
2025-03-18T18:12:15+00:00,99,1.2240000000000002,217.8,82,45.190383,5.767903
2025-03-18T18:12:16+00:00,101,1.2240000000000002,217.8,82,45.190381,5.767903
2025-03-18T18:12:17+00:00,102,2.6352,217.8,82,45.190372,5.767871
2025-03-18T18:12:18+00:00,103,6.566400000000001,217.8,82,45.190322,5.767873
2025-03-18T18:12:19+00:00,104,10.2816,217.6,82,45.190278,5.767837
2025-03-18T18:12:20+00:00,105,11.4768,217.6,83,45.190271,5.767859
2025-03-18T18:12:21+00:00,106,12.672,217.6,83,45.190256,5.767867
2025-03-18T18:12:22+00:00,107,12.384,217.6,83,45.190236,5.767871
2025-03-18T18:12:23+00:00,108,10.008,217.6,82,45.190217,5.767868
2025-03-18T18:12:24+00:00,109,7.2,217.6,82,45.190199,5.767869
2025-03-18T18:12:25+00:00,109,7.344,217.6,82,45.190176,5.767866
2025-03-18T18:12:26+00:00,109,7.2,217.6,82,45.190153,5.767874
2025-03-18T18:12:27+00:00,110,8.424,217.6,82,45.190123,5.767877
2025-03-18T18:12:28+00:00,111,8.424,217.6,83,45.190095,5.767879
2025-03-18T18:12:29+00:00,111,9.432,217.8,84,45.19007,5.767882
2025-03-18T18:12:30+00:00,112,10.296,217.8,84,45.190037,5.767882
2025-03-18T18:12:31+00:00,112,11.16,217.8,84,45.190011,5.767882
2025-03-18T18:12:32+00:00,113,11.088000000000001,217.8,84,45.189979,5.767883
2025-03-18T18:12:33+00:00,113,11.879999999999999,218.0,84,45.189946,5.767886
2025-03-18T18:12:34+00:00,114,11.808,218.0,84,45.189922,5.76789
2025-03-18T18:12:35+00:00,114,12.024,218.0,84,45.189888,5.767893
2025-03-18T18:12:36+00:00,115,12.168,218.2,83,45.189863,5.767907
2025-03-18T18:12:37+00:00,116,11.952,218.2,83,45.189836,5.767914
2025-03-18T18:12:38+00:00,116,11.448,218.4,83,45.189806,5.767912
2025-03-18T18:12:39+00:00,117,11.520000000000001,218.4,82,45.189783,5.767922
2025-03-18T18:12:40+00:00,117,11.088000000000001,218.4,82,45.189754,5.76793
2025-03-18T18:12:41+00:00,118,11.016,218.4,82,45.189728,5.767934
2025-03-18T18:12:42+00:00,119,10.656,218.4,82,45.189704,5.767938
2025-03-18T18:12:43+00:00,119,10.8,218.4,82,45.189675,5.767937
2025-03-18T18:12:44+00:00,120,10.296,218.6,82,45.189656,5.767939
2025-03-18T18:12:45+00:00,121,9.792000000000002,218.6,82,45.189636,5.76795
2025-03-18T18:12:46+00:00,121,9.792000000000002,218.6,82,45.189604,5.767948
2025-03-18T18:12:47+00:00,122,10.08,218.6,82,45.18958,5.767952
2025-03-18T18:12:48+00:00,122,10.512,218.6,82,45.189546,5.767951
2025-03-18T18:12:49+00:00,123,11.232000000000001,218.6,82,45.189515,5.767948
2025-03-18T18:12:50+00:00,123,11.808,218.6,83,45.18949,5.76795
2025-03-18T18:12:51+00:00,124,12.096,218.6,83,45.189456,5.767944
2025-03-18T18:12:52+00:00,124,12.168,218.6,83,45.18943,5.767941
2025-03-18T18:12:53+00:00,125,11.664000000000001,218.6,83,45.189405,5.767942
2025-03-18T18:12:54+00:00,125,11.879999999999999,218.4,82,45.189371,5.767939
2025-03-18T18:12:55+00:00,125,11.520000000000001,218.4,82,45.189348,5.76794
2025-03-18T18:12:56+00:00,126,11.16,218.4,82,45.189318,5.767942
2025-03-18T18:12:57+00:00,126,11.088000000000001,218.4,82,45.189288,5.767944
2025-03-18T18:12:58+00:00,127,10.8,218.4,81,45.189267,5.767955
2025-03-18T18:12:59+00:00,127,10.44,218.4,81,45.189243,5.767988
2025-03-18T18:13:00+00:00,128,10.44,218.4,81,45.18923,5.768014
2025-03-18T18:13:01+00:00,129,10.224,218.4,83,45.189221,5.768051
2025-03-18T18:13:02+00:00,130,10.152,218.4,84,45.18921,5.768082
2025-03-18T18:13:03+00:00,131,10.008,218.4,84,45.189203,5.768106
2025-03-18T18:13:04+00:00,132,9.576,218.4,84,45.189193,5.768141
2025-03-18T18:13:05+00:00,133,9.576,218.4,83,45.189182,5.768169
2025-03-18T18:13:06+00:00,133,9.72,218.6,83,45.18917,5.768205
2025-03-18T18:13:07+00:00,134,9.432,218.6,83,45.189162,5.768239
2025-03-18T18:13:08+00:00,135,10.008,218.6,83,45.189156,5.768276
2025-03-18T18:13:09+00:00,135,10.008,218.6,82,45.18915,5.768307
2025-03-18T18:13:10+00:00,136,9.792000000000002,218.6,83,45.189147,5.768336
2025-03-18T18:13:11+00:00,136,9.576,218.6,83,45.189143,5.768371
2025-03-18T18:13:12+00:00,136,9.72,218.6,83,45.189133,5.768406
2025-03-18T18:13:13+00:00,136,9.576,218.8,83,45.189125,5.768437
2025-03-18T18:13:14+00:00,137,10.368,218.8,85,45.189116,5.768482
2025-03-18T18:13:15+00:00,137,10.944,218.8,85,45.189106,5.768518
2025-03-18T18:13:16+00:00,137,10.872,218.8,83,45.189101,5.768548
2025-03-18T18:13:17+00:00,137,11.016,219.0,83,45.189093,5.768587
2025-03-18T18:13:18+00:00,138,10.872,219.0,82,45.189086,5.768617
2025-03-18T18:13:19+00:00,138,10.08,219.0,82,45.189078,5.768647
2025-03-18T18:13:20+00:00,138,9.648000000000001,219.0,82,45.189068,5.76868
2025-03-18T18:13:21+00:00,138,9.72,219.2,82,45.189057,5.768709
2025-03-18T18:13:22+00:00,138,9.72,219.2,82,45.189046,5.76875
2025-03-18T18:13:23+00:00,138,9.864,219.2,82,45.189037,5.768787
2025-03-18T18:13:24+00:00,139,10.152,219.2,83,45.189027,5.768817
2025-03-18T18:13:25+00:00,139,10.656,219.4,83,45.189016,5.768859
2025-03-18T18:13:26+00:00,139,10.944,219.4,82,45.189006,5.768895
2025-03-18T18:13:27+00:00,139,11.232000000000001,219.4,82,45.188998,5.768933
2025-03-18T18:13:28+00:00,140,11.016,219.4,82,45.188989,5.768966
2025-03-18T18:13:29+00:00,140,10.872,219.6,82,45.188982,5.769
2025-03-18T18:13:30+00:00,140,10.944,219.6,82,45.188977,5.769047
2025-03-18T18:13:31+00:00,140,10.8,219.6,82,45.188968,5.769084
2025-03-18T18:13:32+00:00,140,10.944,219.6,82,45.188959,5.769121
2025-03-18T18:13:33+00:00,140,11.232000000000001,219.6,82,45.188954,5.769158
2025-03-18T18:13:34+00:00,140,10.944,219.8,83,45.18895,5.769182
2025-03-18T18:13:35+00:00,141,10.44,219.8,83,45.188947,5.769214
2025-03-18T18:13:36+00:00,141,10.296,220.0,83,45.188949,5.76925
2025-03-18T18:13:37+00:00,141,9.72,220.0,82,45.188955,5.769283
2025-03-18T18:13:38+00:00,141,9.72,220.0,82,45.188966,5.769324
2025-03-18T18:13:39+00:00,141,10.224,220.0,82,45.188975,5.769359
2025-03-18T18:13:40+00:00,141,10.44,220.2,82,45.188985,5.769394
2025-03-18T18:13:41+00:00,142,10.944,220.2,81,45.188995,5.769439
2025-03-18T18:13:42+00:00,142,11.520000000000001,220.2,82,45.189005,5.769479
2025-03-18T18:13:43+00:00,142,11.735999999999999,220.2,82,45.189005,5.769522
2025-03-18T18:13:44+00:00,142,11.232000000000001,220.2,82,45.188997,5.76955
2025-03-18T18:13:45+00:00,142,10.8,220.2,83,45.188987,5.769582
2025-03-18T18:13:46+00:00,142,10.368,220.2,83,45.188971,5.769619
2025-03-18T18:13:47+00:00,142,10.152,220.2,84,45.18895,5.769651
2025-03-18T18:13:48+00:00,142,10.152,220.4,85,45.188934,5.769684
2025-03-18T18:13:49+00:00,142,10.8,220.4,84,45.188918,5.769719
2025-03-18T18:13:50+00:00,143,11.016,220.6,83,45.188908,5.769745
2025-03-18T18:13:51+00:00,142,11.088000000000001,220.6,83,45.188899,5.769779
2025-03-18T18:13:52+00:00,142,10.656,220.6,82,45.188891,5.769818
2025-03-18T18:13:53+00:00,143,10.152,220.6,81,45.188885,5.769847
2025-03-18T18:13:54+00:00,143,10.008,220.6,81,45.188881,5.769888
2025-03-18T18:13:55+00:00,143,10.584,220.6,81,45.188876,5.769929
2025-03-18T18:13:56+00:00,143,10.44,220.6,81,45.188877,5.769959
2025-03-18T18:13:57+00:00,143,10.512,220.6,81,45.188874,5.769998
2025-03-18T18:13:58+00:00,143,10.584,220.6,81,45.18887,5.770036
2025-03-18T18:13:59+00:00,143,10.512,220.6,82,45.188867,5.77007
2025-03-18T18:14:00+00:00,143,10.296,220.6,82,45.188863,5.770111
2025-03-18T18:14:01+00:00,143,10.44,220.8,82,45.188862,5.770143
2025-03-18T18:14:02+00:00,143,10.8,220.8,82,45.188856,5.770186
2025-03-18T18:14:03+00:00,143,10.944,220.8,82,45.188855,5.770224
2025-03-18T18:14:04+00:00,143,10.8,220.8,82,45.188853,5.770257
2025-03-18T18:14:05+00:00,143,10.728,221.0,82,45.188849,5.770298
2025-03-18T18:14:06+00:00,144,10.728,221.0,82,45.188841,5.770329
2025-03-18T18:14:07+00:00,144,10.152,221.0,82,45.188841,5.770364
2025-03-18T18:14:08+00:00,144,9.864,221.0,82,45.188839,5.770403
2025-03-18T18:14:09+00:00,144,9.792000000000002,221.0,82,45.188835,5.770435
2025-03-18T18:14:10+00:00,144,10.008,221.0,82,45.188832,5.770483
2025-03-18T18:14:11+00:00,143,10.584,221.0,82,45.188827,5.770529
2025-03-18T18:14:12+00:00,144,11.016,221.0,81,45.188822,5.77056
2025-03-18T18:14:13+00:00,144,11.520000000000001,221.0,81,45.18882,5.770603
2025-03-18T18:14:14+00:00,144,11.808,221.0,81,45.18882,5.770641
2025-03-18T18:14:15+00:00,144,11.448,221.0,81,45.188823,5.770676
2025-03-18T18:14:16+00:00,144,10.656,221.0,82,45.188831,5.770708
2025-03-18T18:14:17+00:00,144,10.368,221.2,82,45.188834,5.770745
2025-03-18T18:14:18+00:00,143,10.368,221.2,82,45.18883,5.77079
2025-03-18T18:14:19+00:00,144,10.8,221.2,83,45.188831,5.770832
2025-03-18T18:14:20+00:00,144,11.016,221.4,83,45.188838,5.770872
2025-03-18T18:14:21+00:00,143,11.304,221.4,85,45.188841,5.770911
2025-03-18T18:14:22+00:00,144,11.448,221.4,85,45.188848,5.770948
2025-03-18T18:14:23+00:00,144,10.944,221.4,85,45.188851,5.770982
2025-03-18T18:14:24+00:00,143,10.296,221.4,86,45.188856,5.771017
2025-03-18T18:14:25+00:00,144,10.368,221.4,86,45.188856,5.771061
2025-03-18T18:14:26+00:00,144,10.296,221.4,86,45.188858,5.771098
2025-03-18T18:14:27+00:00,143,10.368,221.4,86,45.188862,5.771135
2025-03-18T18:14:28+00:00,143,10.584,221.4,86,45.18887,5.771172
2025-03-18T18:14:29+00:00,143,10.728,221.4,83,45.188875,5.771201
2025-03-18T18:14:30+00:00,143,10.512,221.4,83,45.188876,5.771234
2025-03-18T18:14:31+00:00,143,10.656,221.6,83,45.188879,5.771271
2025-03-18T18:14:32+00:00,143,10.728,221.6,82,45.188898,5.771308
2025-03-18T18:14:33+00:00,142,10.728,221.6,83,45.188908,5.771342
2025-03-18T18:14:34+00:00,142,11.664000000000001,221.6,83,45.188918,5.771387
2025-03-18T18:14:35+00:00,142,11.664000000000001,221.6,84,45.188926,5.771426
2025-03-18T18:14:36+00:00,143,12.672,221.6,84,45.188933,5.771473
2025-03-18T18:14:37+00:00,143,12.744,221.6,83,45.188939,5.77151
2025-03-18T18:14:38+00:00,143,12.816,221.6,83,45.188941,5.771549
2025-03-18T18:14:39+00:00,143,11.735999999999999,221.6,83,45.188942,5.771582
2025-03-18T18:14:40+00:00,143,11.232000000000001,221.6,83,45.188943,5.771614
2025-03-18T18:14:41+00:00,143,10.008,221.6,83,45.188947,5.771651
2025-03-18T18:14:42+00:00,144,9.360000000000001,221.6,83,45.188952,5.771678
2025-03-18T18:14:43+00:00,144,9.792000000000002,221.6,84,45.188959,5.77173
2025-03-18T18:14:44+00:00,144,10.296,221.6,84,45.188964,5.771768
2025-03-18T18:14:45+00:00,144,10.8,221.4,84,45.18897,5.771806
2025-03-18T18:14:46+00:00,144,11.304,221.4,84,45.188974,5.77185
2025-03-18T18:14:47+00:00,144,11.879999999999999,221.4,82,45.18898,5.771885
2025-03-18T18:14:48+00:00,144,11.16,221.4,82,45.18899,5.77192
2025-03-18T18:14:49+00:00,144,11.520000000000001,221.4,82,45.188996,5.771964
2025-03-18T18:14:50+00:00,144,11.016,221.4,83,45.189005,5.771991
2025-03-18T18:14:51+00:00,144,11.232000000000001,221.4,83,45.189012,5.772042
2025-03-18T18:14:52+00:00,144,11.520000000000001,221.6,83,45.189017,5.77208
2025-03-18T18:14:53+00:00,144,11.808,221.6,83,45.189024,5.772113
2025-03-18T18:14:54+00:00,144,10.872,221.6,82,45.189034,5.772144
2025-03-18T18:14:55+00:00,144,11.016,221.6,82,45.189041,5.772176
2025-03-18T18:14:56+00:00,145,10.224,221.6,82,45.189049,5.772211
2025-03-18T18:14:57+00:00,144,9.792000000000002,221.6,82,45.189055,5.772242
2025-03-18T18:14:58+00:00,144,9.504000000000001,221.6,82,45.189057,5.772268
2025-03-18T18:14:59+00:00,145,9.144,221.6,83,45.18906,5.7723
2025-03-18T18:15:00+00:00,144,8.28,221.6,83,45.189065,5.772326
2025-03-18T18:15:01+00:00,145,9.144,221.6,84,45.189066,5.772367
2025-03-18T18:15:02+00:00,145,9.864,221.4,84,45.189072,5.772409
2025-03-18T18:15:03+00:00,145,9.432,221.4,84,45.189078,5.772436
2025-03-18T18:15:04+00:00,145,9.864,221.4,83,45.189082,5.772474
2025-03-18T18:15:05+00:00,145,11.16,221.2,82,45.189086,5.772514
2025-03-18T18:15:06+00:00,145,10.368,221.2,82,45.189093,5.772538
2025-03-18T18:15:07+00:00,145,9.504000000000001,221.2,82,45.1891,5.772574
2025-03-18T18:15:08+00:00,145,9.504000000000001,221.2,82,45.189105,5.772601
2025-03-18T18:15:09+00:00,145,9.432,221.2,82,45.189111,5.772632
2025-03-18T18:15:10+00:00,145,8.784,221.2,82,45.189114,5.772663
2025-03-18T18:15:11+00:00,145,8.568,221.2,82,45.189126,5.772689
2025-03-18T18:15:12+00:00,145,8.64,221.2,82,45.189133,5.772722
2025-03-18T18:15:13+00:00,145,9.288,221.2,82,45.18914,5.772759
2025-03-18T18:15:14+00:00,144,9.504000000000001,221.2,82,45.189151,5.772787
2025-03-18T18:15:15+00:00,145,10.008,221.2,81,45.189161,5.772823
2025-03-18T18:15:16+00:00,145,10.44,221.2,81,45.189171,5.772853
2025-03-18T18:15:17+00:00,145,10.368,221.4,82,45.189177,5.772884
2025-03-18T18:15:18+00:00,145,9.216000000000001,221.4,82,45.189181,5.77291
2025-03-18T18:15:19+00:00,144,9.216000000000001,221.2,83,45.189193,5.772938
2025-03-18T18:15:20+00:00,145,9.432,221.2,83,45.189199,5.772982
2025-03-18T18:15:21+00:00,144,9.432,221.2,83,45.189203,5.773018
2025-03-18T18:15:22+00:00,144,9.576,221.2,83,45.189215,5.773049
2025-03-18T18:15:23+00:00,144,10.728,221.2,83,45.189221,5.773088
2025-03-18T18:15:24+00:00,145,10.944,221.2,83,45.189232,5.773123
2025-03-18T18:15:25+00:00,144,10.872,221.2,83,45.189236,5.773164
2025-03-18T18:15:26+00:00,144,10.944,221.2,83,45.18924,5.773201
2025-03-18T18:15:27+00:00,144,10.584,221.2,83,45.189248,5.773229
2025-03-18T18:15:28+00:00,145,10.584,221.2,84,45.189259,5.773265
2025-03-18T18:15:29+00:00,144,10.152,221.2,84,45.189264,5.773296
2025-03-18T18:15:30+00:00,144,10.296,221.2,84,45.189267,5.773337
2025-03-18T18:15:31+00:00,144,10.152,221.2,84,45.189276,5.773374
2025-03-18T18:15:32+00:00,145,10.296,221.2,84,45.189289,5.773401
2025-03-18T18:15:33+00:00,144,10.368,221.2,83,45.189305,5.773439
2025-03-18T18:15:34+00:00,144,10.584,221.2,83,45.189314,5.773469
2025-03-18T18:15:35+00:00,145,10.08,221.2,82,45.189328,5.7735
2025-03-18T18:15:36+00:00,144,10.368,221.2,82,45.189337,5.773542
2025-03-18T18:15:37+00:00,144,10.584,221.0,82,45.189352,5.77357
2025-03-18T18:15:38+00:00,145,10.8,221.0,82,45.189362,5.77361
2025-03-18T18:15:39+00:00,144,10.728,221.0,82,45.18937,5.773643
2025-03-18T18:15:40+00:00,144,10.944,221.0,82,45.189378,5.773674
2025-03-18T18:15:41+00:00,144,10.44,221.0,82,45.189392,5.773704
2025-03-18T18:15:42+00:00,144,10.224,221.2,82,45.1894,5.773734
2025-03-18T18:15:43+00:00,144,9.576,221.2,82,45.189406,5.773763
2025-03-18T18:15:44+00:00,144,9.576,221.2,82,45.189413,5.773802
2025-03-18T18:15:45+00:00,143,9.576,221.2,82,45.189427,5.773833
2025-03-18T18:15:46+00:00,144,9.936,221.2,82,45.189441,5.77387
2025-03-18T18:15:47+00:00,144,10.44,221.2,82,45.189452,5.773909
2025-03-18T18:15:48+00:00,143,10.512,221.2,82,45.189463,5.773932
2025-03-18T18:15:49+00:00,143,10.368,221.2,82,45.189472,5.773969
2025-03-18T18:15:50+00:00,144,10.368,221.2,82,45.189484,5.774003
2025-03-18T18:15:51+00:00,144,10.512,221.2,82,45.1895,5.774033
2025-03-18T18:15:52+00:00,144,10.368,221.2,81,45.189516,5.774069
2025-03-18T18:15:53+00:00,143,10.368,221.2,82,45.189525,5.774097
2025-03-18T18:15:54+00:00,144,10.512,221.2,82,45.189541,5.774127
2025-03-18T18:15:55+00:00,144,10.8,221.2,82,45.18955,5.774169
2025-03-18T18:15:56+00:00,144,10.584,221.2,82,45.189561,5.774198
2025-03-18T18:15:57+00:00,144,10.656,221.2,82,45.189575,5.774234
2025-03-18T18:15:58+00:00,143,10.368,221.2,81,45.18958,5.774263
2025-03-18T18:15:59+00:00,144,10.296,221.0,81,45.189593,5.774288
2025-03-18T18:16:00+00:00,144,10.008,221.0,81,45.189606,5.774323
2025-03-18T18:16:01+00:00,144,9.936,221.0,81,45.18962,5.774354
2025-03-18T18:16:02+00:00,144,9.576,221.0,81,45.189635,5.774377
2025-03-18T18:16:03+00:00,144,10.08,221.0,81,45.189652,5.774412
2025-03-18T18:16:04+00:00,144,10.08,221.0,81,45.189665,5.774439
2025-03-18T18:16:05+00:00,144,10.08,221.0,81,45.18968,5.774468
2025-03-18T18:16:06+00:00,144,9.864,221.0,81,45.189696,5.774496
2025-03-18T18:16:07+00:00,144,9.864,221.2,82,45.189715,5.774518
2025-03-18T18:16:08+00:00,144,10.44,221.2,83,45.189738,5.774551
2025-03-18T18:16:09+00:00,144,10.656,221.2,83,45.189754,5.774575
2025-03-18T18:16:10+00:00,144,10.368,221.4,83,45.18977,5.774599
2025-03-18T18:16:11+00:00,144,10.224,221.4,82,45.189784,5.774629
2025-03-18T18:16:12+00:00,144,10.224,221.4,82,45.189798,5.774655
2025-03-18T18:16:13+00:00,144,9.576,221.6,82,45.189812,5.774684
2025-03-18T18:16:14+00:00,144,9.288,221.6,82,45.189823,5.774716
2025-03-18T18:16:15+00:00,144,9.72,221.6,82,45.189835,5.774743
2025-03-18T18:16:16+00:00,144,10.656,221.6,83,45.189844,5.774787
2025-03-18T18:16:17+00:00,144,10.728,221.6,83,45.189851,5.774819
2025-03-18T18:16:18+00:00,144,11.088000000000001,221.6,83,45.189859,5.774855
2025-03-18T18:16:19+00:00,144,11.448,221.6,83,45.189871,5.77489
2025-03-18T18:16:20+00:00,144,11.232000000000001,221.6,83,45.189878,5.774923
2025-03-18T18:16:21+00:00,144,10.584,221.8,83,45.189889,5.774955
2025-03-18T18:16:22+00:00,144,10.728,221.8,82,45.189903,5.774988
2025-03-18T18:16:23+00:00,144,10.08,222.0,82,45.189916,5.775012
2025-03-18T18:16:24+00:00,144,9.72,222.0,82,45.189931,5.77504
2025-03-18T18:16:25+00:00,144,9.72,222.2,82,45.189948,5.775066
2025-03-18T18:16:26+00:00,144,9.432,222.2,82,45.189966,5.775088
2025-03-18T18:16:27+00:00,144,9.216000000000001,222.2,82,45.189985,5.775114
2025-03-18T18:16:28+00:00,143,9.360000000000001,222.2,82,45.190002,5.775135
2025-03-18T18:16:29+00:00,144,9.360000000000001,222.4,82,45.190021,5.775157
2025-03-18T18:16:30+00:00,144,9.072000000000001,222.4,82,45.190041,5.775178
2025-03-18T18:16:31+00:00,144,9.072000000000001,222.4,82,45.190059,5.775193
2025-03-18T18:16:32+00:00,143,9.576,222.4,83,45.190086,5.775223
2025-03-18T18:16:33+00:00,144,10.008,222.6,83,45.190105,5.775245
2025-03-18T18:16:34+00:00,144,10.512,222.6,83,45.190131,5.775269
2025-03-18T18:16:35+00:00,143,10.944,222.6,82,45.190153,5.775293
2025-03-18T18:16:36+00:00,143,11.232000000000001,222.6,82,45.190176,5.775306
2025-03-18T18:16:37+00:00,143,11.16,222.6,82,45.190203,5.77533
2025-03-18T18:16:38+00:00,143,11.232000000000001,222.6,82,45.190225,5.775353
2025-03-18T18:16:39+00:00,143,11.232000000000001,222.6,82,45.19025,5.775371
2025-03-18T18:16:40+00:00,144,11.520000000000001,222.6,82,45.190277,5.775398
2025-03-18T18:16:41+00:00,143,11.879999999999999,222.6,82,45.190302,5.775414
2025-03-18T18:16:42+00:00,143,12.024,222.6,82,45.190326,5.775437
2025-03-18T18:16:43+00:00,143,11.952,222.6,82,45.190352,5.775462
2025-03-18T18:16:44+00:00,143,11.879999999999999,222.4,83,45.190373,5.775477
2025-03-18T18:16:45+00:00,144,11.808,222.4,83,45.1904,5.775501
2025-03-18T18:16:46+00:00,143,11.448,222.4,83,45.19042,5.775519
2025-03-18T18:16:47+00:00,144,11.016,222.4,82,45.190444,5.775529
2025-03-18T18:16:48+00:00,144,11.016,222.4,82,45.19047,5.775552
2025-03-18T18:16:49+00:00,144,10.512,222.4,82,45.190488,5.775563
2025-03-18T18:16:50+00:00,144,10.296,222.4,82,45.190513,5.775578
2025-03-18T18:16:51+00:00,143,10.296,222.4,81,45.190535,5.7756
2025-03-18T18:16:52+00:00,144,10.152,222.4,81,45.190556,5.775613
2025-03-18T18:16:53+00:00,144,10.08,222.4,82,45.190581,5.775634
2025-03-18T18:16:54+00:00,144,10.224,222.4,83,45.190603,5.775649
2025-03-18T18:16:55+00:00,144,10.08,222.4,83,45.190624,5.775666
2025-03-18T18:16:56+00:00,143,10.296,222.4,83,45.19065,5.77569
2025-03-18T18:16:57+00:00,144,10.368,222.4,82,45.190673,5.775704
2025-03-18T18:16:58+00:00,144,10.44,222.4,82,45.190698,5.775718
2025-03-18T18:16:59+00:00,143,10.584,222.4,82,45.19072,5.775738
2025-03-18T18:17:00+00:00,143,10.512,222.4,82,45.190743,5.775745
2025-03-18T18:17:01+00:00,143,10.512,222.4,82,45.19077,5.775763
2025-03-18T18:17:02+00:00,144,10.656,222.4,81,45.190796,5.775775
2025-03-18T18:17:03+00:00,143,10.584,222.4,81,45.190823,5.77578
2025-03-18T18:17:04+00:00,143,10.656,222.4,82,45.190851,5.775798
2025-03-18T18:17:05+00:00,143,11.088000000000001,222.4,82,45.190876,5.77581
2025-03-18T18:17:06+00:00,144,10.656,222.4,82,45.190903,5.775815
2025-03-18T18:17:07+00:00,143,10.512,222.4,82,45.190929,5.775831
2025-03-18T18:17:08+00:00,143,10.296,222.4,81,45.190953,5.77584
2025-03-18T18:17:09+00:00,143,10.728,222.6,81,45.190981,5.775846
2025-03-18T18:17:10+00:00,143,11.016,222.6,81,45.191011,5.77586
2025-03-18T18:17:11+00:00,143,11.592,222.6,80,45.191037,5.775865
2025-03-18T18:17:12+00:00,143,11.808,222.6,80,45.191065,5.775874
2025-03-18T18:17:13+00:00,143,11.879999999999999,222.6,80,45.191092,5.775884
2025-03-18T18:17:14+00:00,143,10.944,222.6,80,45.191114,5.775883
2025-03-18T18:17:15+00:00,143,10.44,222.6,82,45.191139,5.775895
2025-03-18T18:17:16+00:00,143,10.296,222.6,83,45.191166,5.775906
2025-03-18T18:17:17+00:00,143,10.152,222.6,83,45.191192,5.775912
2025-03-18T18:17:18+00:00,144,10.584,222.6,82,45.191225,5.775922
2025-03-18T18:17:19+00:00,143,10.944,222.6,81,45.191247,5.775925
2025-03-18T18:17:20+00:00,143,11.232000000000001,222.6,81,45.191275,5.775929
2025-03-18T18:17:21+00:00,143,11.304,222.4,81,45.191303,5.77594
2025-03-18T18:17:22+00:00,144,11.520000000000001,222.4,81,45.191329,5.775943
2025-03-18T18:17:23+00:00,143,11.376000000000001,222.4,81,45.191357,5.775948
2025-03-18T18:17:24+00:00,143,10.656,222.4,81,45.191375,5.77595
2025-03-18T18:17:25+00:00,144,10.44,222.4,82,45.191402,5.77595
2025-03-18T18:17:26+00:00,143,10.368,222.4,83,45.191432,5.77596
2025-03-18T18:17:27+00:00,143,9.576,222.4,83,45.191453,5.775957
2025-03-18T18:17:28+00:00,143,9.72,222.4,83,45.191486,5.775958
2025-03-18T18:17:29+00:00,144,10.224,222.4,83,45.19151,5.775962
2025-03-18T18:17:30+00:00,143,9.792000000000002,222.6,83,45.191534,5.775965
2025-03-18T18:17:31+00:00,143,9.576,222.4,83,45.19156,5.775953
2025-03-18T18:17:32+00:00,143,11.088000000000001,222.4,83,45.191595,5.775953
2025-03-18T18:17:33+00:00,143,11.16,222.4,82,45.191623,5.77595
2025-03-18T18:17:34+00:00,143,11.592,222.4,81,45.191648,5.77596
2025-03-18T18:17:35+00:00,143,11.304,222.4,81,45.191667,5.775959
2025-03-18T18:17:36+00:00,143,11.592,222.4,81,45.191695,5.775959
2025-03-18T18:17:37+00:00,142,11.088000000000001,222.4,81,45.191724,5.775958
2025-03-18T18:17:38+00:00,142,10.728,222.4,82,45.191748,5.775955
2025-03-18T18:17:39+00:00,142,10.728,222.4,83,45.191778,5.775959
2025-03-18T18:17:40+00:00,142,10.872,222.4,84,45.191799,5.77596
2025-03-18T18:17:41+00:00,142,10.512,222.6,85,45.191825,5.775963
2025-03-18T18:17:42+00:00,142,10.008,222.6,85,45.191851,5.775967
2025-03-18T18:17:43+00:00,142,9.864,222.6,85,45.191872,5.775966
2025-03-18T18:17:44+00:00,142,9.792000000000002,222.6,85,45.191902,5.775978
2025-03-18T18:17:45+00:00,142,10.224,222.6,83,45.191924,5.775986
2025-03-18T18:17:46+00:00,142,10.44,222.6,83,45.191945,5.776004
2025-03-18T18:17:47+00:00,142,10.872,222.6,81,45.191967,5.776037
2025-03-18T18:17:48+00:00,142,10.728,222.6,81,45.191983,5.776062
2025-03-18T18:17:49+00:00,143,11.016,222.6,82,45.192004,5.776092
2025-03-18T18:17:50+00:00,142,11.016,222.6,82,45.192019,5.776125
2025-03-18T18:17:51+00:00,142,10.656,222.6,82,45.192037,5.776141
2025-03-18T18:17:52+00:00,143,10.224,222.6,81,45.192063,5.776156
2025-03-18T18:17:53+00:00,142,10.08,222.6,80,45.192088,5.776163
2025-03-18T18:17:54+00:00,142,9.576,222.6,80,45.192108,5.776159
2025-03-18T18:17:55+00:00,142,9.648000000000001,222.6,80,45.192136,5.776157
2025-03-18T18:17:56+00:00,142,9.360000000000001,222.6,80,45.192156,5.776173
2025-03-18T18:17:57+00:00,142,9.144,222.4,81,45.192178,5.776185
2025-03-18T18:17:58+00:00,142,9.648000000000001,222.6,81,45.192193,5.776222
2025-03-18T18:17:59+00:00,142,9.648000000000001,222.6,81,45.1922,5.776254
2025-03-18T18:18:00+00:00,142,9.504000000000001,222.6,81,45.192207,5.776288
2025-03-18T18:18:01+00:00,142,10.152,222.6,81,45.19221,5.776329
2025-03-18T18:18:02+00:00,142,10.296,222.6,81,45.192209,5.77636
2025-03-18T18:18:03+00:00,142,10.224,222.8,81,45.192207,5.776402
2025-03-18T18:18:04+00:00,142,10.584,222.8,82,45.192208,5.77644
2025-03-18T18:18:05+00:00,142,10.512,222.8,82,45.192207,5.776471
2025-03-18T18:18:06+00:00,142,10.512,222.8,82,45.192205,5.776512
2025-03-18T18:18:07+00:00,142,10.512,222.8,83,45.192204,5.776546
2025-03-18T18:18:08+00:00,142,10.44,222.8,83,45.192204,5.776582
2025-03-18T18:18:09+00:00,142,10.08,223.0,83,45.192201,5.776617
2025-03-18T18:18:10+00:00,142,10.008,223.0,83,45.192199,5.776646
2025-03-18T18:18:11+00:00,142,9.936,223.0,83,45.192195,5.776688
2025-03-18T18:18:12+00:00,142,10.152,223.0,83,45.192189,5.776723
2025-03-18T18:18:13+00:00,142,10.008,223.0,83,45.192187,5.776757
2025-03-18T18:18:14+00:00,142,10.152,223.0,83,45.192187,5.776796
2025-03-18T18:18:15+00:00,142,10.08,223.0,83,45.192183,5.776827
2025-03-18T18:18:16+00:00,143,10.296,223.0,83,45.192182,5.776868
2025-03-18T18:18:17+00:00,142,10.368,223.0,83,45.192178,5.776907
2025-03-18T18:18:18+00:00,142,10.656,223.0,83,45.192177,5.776941
2025-03-18T18:18:19+00:00,142,10.584,223.0,83,45.192176,5.77698
2025-03-18T18:18:20+00:00,142,10.728,223.0,83,45.192174,5.777016
2025-03-18T18:18:21+00:00,142,10.584,223.0,83,45.192174,5.777052
2025-03-18T18:18:22+00:00,142,10.44,223.2,83,45.192169,5.777088
2025-03-18T18:18:23+00:00,142,10.152,223.2,83,45.192167,5.777119
2025-03-18T18:18:24+00:00,142,10.224,223.2,83,45.192166,5.777159
2025-03-18T18:18:25+00:00,142,10.152,223.4,83,45.19216,5.777193
2025-03-18T18:18:26+00:00,142,9.864,223.4,83,45.192157,5.777222
2025-03-18T18:18:27+00:00,142,9.792000000000002,223.4,82,45.192151,5.777261
2025-03-18T18:18:28+00:00,142,9.864,223.4,82,45.19214,5.777294
2025-03-18T18:18:29+00:00,142,10.08,223.4,82,45.192135,5.777329
2025-03-18T18:18:30+00:00,142,9.936,223.4,82,45.192125,5.777361
2025-03-18T18:18:31+00:00,143,9.936,223.6,82,45.192122,5.777394
2025-03-18T18:18:32+00:00,142,9.864,223.6,82,45.192121,5.777431
2025-03-18T18:18:33+00:00,142,10.224,223.6,82,45.192119,5.777471
2025-03-18T18:18:34+00:00,143,9.936,223.6,82,45.19212,5.777504
2025-03-18T18:18:35+00:00,143,10.152,223.6,82,45.192125,5.777541
2025-03-18T18:18:36+00:00,143,10.368,223.6,81,45.192131,5.777576
2025-03-18T18:18:37+00:00,143,10.44,223.6,81,45.192138,5.777609
2025-03-18T18:18:38+00:00,142,10.08,223.8,82,45.192147,5.777645
2025-03-18T18:18:39+00:00,143,10.008,223.8,82,45.192149,5.77768
2025-03-18T18:18:40+00:00,143,10.368,223.8,82,45.192156,5.777719
2025-03-18T18:18:41+00:00,143,10.368,223.8,82,45.192163,5.777756
2025-03-18T18:18:42+00:00,142,10.656,223.8,82,45.192172,5.777792
2025-03-18T18:18:43+00:00,143,10.872,223.8,83,45.19218,5.777829
2025-03-18T18:18:44+00:00,143,10.944,223.8,83,45.192188,5.777864
2025-03-18T18:18:45+00:00,143,10.872,224.0,82,45.192194,5.777902
2025-03-18T18:18:46+00:00,143,11.16,223.8,82,45.192201,5.777946
2025-03-18T18:18:47+00:00,143,11.016,223.8,82,45.192211,5.777975
2025-03-18T18:18:48+00:00,143,11.088000000000001,223.8,83,45.192222,5.778018
2025-03-18T18:18:49+00:00,143,11.16,223.8,83,45.192228,5.778051
2025-03-18T18:18:50+00:00,143,11.16,223.8,83,45.192238,5.778084
2025-03-18T18:18:51+00:00,143,10.944,223.8,83,45.192244,5.778125
2025-03-18T18:18:52+00:00,143,10.512,223.8,83,45.192251,5.77815
2025-03-18T18:18:53+00:00,144,10.44,223.8,83,45.19226,5.778194
2025-03-18T18:18:54+00:00,143,10.44,223.8,83,45.192266,5.778228
2025-03-18T18:18:55+00:00,143,10.368,223.8,84,45.192273,5.778263
2025-03-18T18:18:56+00:00,144,10.368,223.8,84,45.19228,5.778302
2025-03-18T18:18:57+00:00,143,10.584,223.8,84,45.192283,5.778331
2025-03-18T18:18:58+00:00,143,10.44,223.8,83,45.192288,5.778371
2025-03-18T18:18:59+00:00,144,10.224,224.0,83,45.192288,5.778408
2025-03-18T18:19:00+00:00,144,10.08,224.0,83,45.192299,5.778439
2025-03-18T18:19:01+00:00,144,10.224,224.0,83,45.1923,5.778481
2025-03-18T18:19:02+00:00,144,10.368,224.0,83,45.192303,5.778516
2025-03-18T18:19:03+00:00,144,10.296,224.0,82,45.192306,5.77855
2025-03-18T18:19:04+00:00,144,10.728,224.0,82,45.192311,5.778593
2025-03-18T18:19:05+00:00,144,10.656,224.0,82,45.192316,5.778621
2025-03-18T18:19:06+00:00,144,10.224,224.0,82,45.192313,5.778659
2025-03-18T18:19:07+00:00,144,10.08,224.0,82,45.192311,5.778694
2025-03-18T18:19:08+00:00,144,9.864,224.0,83,45.192313,5.778725
2025-03-18T18:19:09+00:00,144,9.792000000000002,224.0,83,45.192312,5.778768
2025-03-18T18:19:10+00:00,144,9.864,224.0,83,45.192314,5.778801
2025-03-18T18:19:11+00:00,144,10.368,224.0,83,45.192318,5.778842
2025-03-18T18:19:12+00:00,144,10.656,224.0,83,45.192318,5.778882
2025-03-18T18:19:13+00:00,144,10.944,224.0,82,45.192315,5.778916
2025-03-18T18:19:14+00:00,143,10.8,224.0,82,45.192313,5.778956
2025-03-18T18:19:15+00:00,144,10.944,224.0,82,45.192318,5.778994
2025-03-18T18:19:16+00:00,144,10.8,224.0,82,45.192325,5.779029
2025-03-18T18:19:17+00:00,144,10.728,224.0,82,45.192325,5.77907
2025-03-18T18:19:18+00:00,144,10.512,224.0,82,45.192325,5.779099
2025-03-18T18:19:19+00:00,144,10.584,224.0,82,45.192322,5.77914
2025-03-18T18:19:20+00:00,144,10.656,224.0,82,45.19232,5.779182
2025-03-18T18:19:21+00:00,143,10.368,224.0,83,45.192325,5.779212
2025-03-18T18:19:22+00:00,144,10.224,224.0,83,45.192326,5.779254
2025-03-18T18:19:23+00:00,144,10.584,224.0,82,45.19233,5.77929
2025-03-18T18:19:24+00:00,144,10.512,224.0,82,45.192337,5.779326
2025-03-18T18:19:25+00:00,143,10.44,224.0,82,45.192338,5.779364
2025-03-18T18:19:26+00:00,144,10.296,224.0,82,45.192343,5.779392
2025-03-18T18:19:27+00:00,144,10.368,224.0,83,45.192342,5.779433
2025-03-18T18:19:28+00:00,143,10.512,224.0,83,45.19235,5.779471
2025-03-18T18:19:29+00:00,144,10.224,224.0,83,45.192359,5.7795
2025-03-18T18:19:30+00:00,144,10.008,224.0,83,45.192361,5.779538
2025-03-18T18:19:31+00:00,143,10.008,224.0,83,45.192362,5.779569
2025-03-18T18:19:32+00:00,143,10.08,224.0,83,45.192369,5.779609
2025-03-18T18:19:33+00:00,144,9.864,224.0,83,45.192376,5.779645
2025-03-18T18:19:34+00:00,143,10.008,224.0,83,45.192385,5.779675
2025-03-18T18:19:35+00:00,143,10.296,224.0,84,45.192395,5.779714
2025-03-18T18:19:36+00:00,143,10.224,224.2,84,45.192401,5.779739
2025-03-18T18:19:37+00:00,144,9.936,224.2,84,45.192402,5.779781
2025-03-18T18:19:38+00:00,144,9.576,224.4,84,45.192396,5.779813
2025-03-18T18:19:39+00:00,144,9.216000000000001,224.4,83,45.192385,5.779844
2025-03-18T18:19:40+00:00,144,8.928,224.6,83,45.192357,5.779868
2025-03-18T18:19:41+00:00,143,9.216000000000001,224.8,84,45.192335,5.77988
2025-03-18T18:19:42+00:00,144,9.144,225.0,84,45.192311,5.779893
2025-03-18T18:19:43+00:00,144,9.432,225.0,84,45.192282,5.779909
2025-03-18T18:19:44+00:00,143,9.576,225.0,84,45.192262,5.77992
2025-03-18T18:19:45+00:00,144,9.432,225.0,83,45.192237,5.779933
2025-03-18T18:19:46+00:00,144,9.936,225.0,83,45.192212,5.779955
2025-03-18T18:19:47+00:00,144,10.656,225.0,82,45.192188,5.779973
2025-03-18T18:19:48+00:00,143,10.944,225.0,82,45.192161,5.779993
2025-03-18T18:19:49+00:00,144,11.376000000000001,225.0,82,45.192143,5.780009
2025-03-18T18:19:50+00:00,144,11.808,225.0,82,45.192121,5.780036
2025-03-18T18:19:51+00:00,144,11.304,225.0,83,45.192098,5.780057
2025-03-18T18:19:52+00:00,144,11.016,225.0,83,45.192081,5.780079
2025-03-18T18:19:53+00:00,144,10.656,225.0,83,45.192058,5.780105
2025-03-18T18:19:54+00:00,144,10.656,225.0,82,45.19204,5.78013
2025-03-18T18:19:55+00:00,144,10.584,225.0,82,45.192023,5.78016
2025-03-18T18:19:56+00:00,143,10.656,225.0,82,45.192,5.780182
2025-03-18T18:19:57+00:00,144,10.44,225.0,82,45.191987,5.780205
2025-03-18T18:19:58+00:00,144,10.656,225.0,82,45.191963,5.780233
2025-03-18T18:19:59+00:00,144,10.656,225.0,82,45.191946,5.780259
2025-03-18T18:20:00+00:00,143,10.728,225.0,83,45.191927,5.780287
2025-03-18T18:20:01+00:00,144,11.088000000000001,225.0,83,45.191906,5.780319
2025-03-18T18:20:02+00:00,144,11.088000000000001,225.0,82,45.191889,5.780339
2025-03-18T18:20:03+00:00,144,10.728,225.0,82,45.19187,5.780366
2025-03-18T18:20:04+00:00,144,10.872,225.0,81,45.191847,5.780391
2025-03-18T18:20:05+00:00,144,10.368,225.0,81,45.191834,5.780416
2025-03-18T18:20:06+00:00,144,9.72,225.0,82,45.191815,5.780437
2025-03-18T18:20:07+00:00,144,9.648000000000001,225.0,82,45.191797,5.78046
2025-03-18T18:20:08+00:00,144,9.936,225.0,83,45.191775,5.780487
2025-03-18T18:20:09+00:00,144,10.08,225.0,84,45.19175,5.780512
2025-03-18T18:20:10+00:00,144,10.584,225.0,85,45.19173,5.780536
2025-03-18T18:20:11+00:00,144,11.304,225.2,85,45.191706,5.780565
2025-03-18T18:20:12+00:00,145,11.448,225.2,85,45.191687,5.780589
2025-03-18T18:20:13+00:00,144,11.304,225.2,84,45.19167,5.780615
2025-03-18T18:20:14+00:00,145,11.16,225.2,83,45.191646,5.780645
2025-03-18T18:20:15+00:00,145,10.944,225.2,83,45.191632,5.780669
2025-03-18T18:20:16+00:00,145,10.656,225.2,83,45.191611,5.780702
2025-03-18T18:20:17+00:00,145,10.728,225.2,83,45.191593,5.780727
2025-03-18T18:20:18+00:00,144,10.8,225.2,83,45.191577,5.780752
2025-03-18T18:20:19+00:00,145,10.656,225.2,82,45.191556,5.780777
2025-03-18T18:20:20+00:00,145,10.584,225.2,82,45.19154,5.780802
2025-03-18T18:20:21+00:00,145,10.152,225.2,83,45.191521,5.780824
2025-03-18T18:20:22+00:00,145,10.008,225.2,83,45.1915,5.780855
2025-03-18T18:20:23+00:00,145,10.008,225.2,83,45.191484,5.780878
2025-03-18T18:20:24+00:00,145,10.08,225.2,83,45.191467,5.780909
2025-03-18T18:20:25+00:00,145,10.368,225.2,83,45.191446,5.780936
2025-03-18T18:20:26+00:00,145,10.656,225.0,83,45.191428,5.780961
2025-03-18T18:20:27+00:00,145,11.088000000000001,225.0,83,45.191406,5.78099
2025-03-18T18:20:28+00:00,145,11.088000000000001,225.0,82,45.191393,5.781017
2025-03-18T18:20:29+00:00,145,11.088000000000001,225.0,82,45.191376,5.781052
2025-03-18T18:20:30+00:00,145,11.016,225.0,82,45.191364,5.781083
2025-03-18T18:20:31+00:00,145,10.872,224.8,82,45.19135,5.781112
2025-03-18T18:20:32+00:00,145,10.368,224.8,82,45.191334,5.781141
2025-03-18T18:20:33+00:00,145,10.584,224.8,83,45.191316,5.781173
2025-03-18T18:20:34+00:00,145,10.656,224.8,83,45.191302,5.78121
2025-03-18T18:20:35+00:00,145,10.8,224.8,83,45.191284,5.781241
2025-03-18T18:20:36+00:00,145,11.016,224.8,83,45.19127,5.781268
2025-03-18T18:20:37+00:00,145,11.376000000000001,224.8,83,45.191252,5.781301
2025-03-18T18:20:38+00:00,145,11.16,224.8,83,45.191239,5.781333
2025-03-18T18:20:39+00:00,145,11.088000000000001,224.8,83,45.191225,5.78137
2025-03-18T18:20:40+00:00,145,11.088000000000001,224.8,83,45.191206,5.781402
2025-03-18T18:20:41+00:00,146,11.016,224.8,83,45.191195,5.781432
2025-03-18T18:20:42+00:00,146,11.016,224.8,83,45.191179,5.781467
2025-03-18T18:20:43+00:00,146,10.944,224.6,83,45.191166,5.781496
2025-03-18T18:20:44+00:00,146,10.8,224.6,83,45.191153,5.781527
2025-03-18T18:20:45+00:00,146,10.368,224.6,83,45.191139,5.781556
2025-03-18T18:20:46+00:00,146,10.152,224.6,83,45.191123,5.781583
2025-03-18T18:20:47+00:00,146,10.152,224.6,83,45.191103,5.781618
2025-03-18T18:20:48+00:00,146,10.296,224.6,83,45.191084,5.781647
2025-03-18T18:20:49+00:00,146,10.296,224.6,83,45.191071,5.781674
2025-03-18T18:20:50+00:00,146,10.512,224.6,83,45.191054,5.781704
2025-03-18T18:20:51+00:00,146,10.728,224.6,83,45.191038,5.781729
2025-03-18T18:20:52+00:00,147,10.584,224.4,83,45.191023,5.781762
2025-03-18T18:20:53+00:00,147,10.656,224.4,83,45.191005,5.781792
2025-03-18T18:20:54+00:00,147,10.872,224.4,83,45.190989,5.781823
2025-03-18T18:20:55+00:00,146,11.16,224.4,83,45.190972,5.781862
2025-03-18T18:20:56+00:00,147,11.232000000000001,224.2,82,45.190955,5.781894
2025-03-18T18:20:57+00:00,147,11.376000000000001,223.8,82,45.190937,5.781927
2025-03-18T18:20:58+00:00,147,11.808,223.8,82,45.190919,5.78196
2025-03-18T18:20:59+00:00,147,12.024,223.4,80,45.190897,5.781994
2025-03-18T18:21:00+00:00,146,12.456,222.8,80,45.190879,5.782033
2025-03-18T18:21:01+00:00,147,12.888,222.8,80,45.19086,5.78207
2025-03-18T18:21:02+00:00,147,13.32,222.6,82,45.190847,5.782108
2025-03-18T18:21:03+00:00,147,13.248000000000001,222.4,83,45.19083,5.782146
2025-03-18T18:21:04+00:00,147,13.104000000000001,222.4,83,45.190812,5.782173
2025-03-18T18:21:05+00:00,147,12.456,222.4,83,45.190801,5.782204
2025-03-18T18:21:06+00:00,147,11.376000000000001,222.6,83,45.190788,5.782225
2025-03-18T18:21:07+00:00,147,9.864,222.6,83,45.190779,5.782244
2025-03-18T18:21:08+00:00,147,9.0,222.8,83,45.190763,5.782274
2025-03-18T18:21:09+00:00,146,8.496,222.8,83,45.190751,5.782305
2025-03-18T18:21:10+00:00,147,8.208,222.8,83,45.190742,5.782332
2025-03-18T18:21:11+00:00,147,8.568,223.2,83,45.190727,5.782361
2025-03-18T18:21:12+00:00,147,9.0,223.4,83,45.190717,5.782381
2025-03-18T18:21:13+00:00,147,8.928,223.6,83,45.190704,5.782408
2025-03-18T18:21:14+00:00,146,8.784,223.6,83,45.190688,5.782432
2025-03-18T18:21:15+00:00,147,8.784,223.8,83,45.190683,5.782464
2025-03-18T18:21:16+00:00,147,9.0,224.0,83,45.190674,5.782501
2025-03-18T18:21:17+00:00,147,9.288,224.0,83,45.19066,5.782529
2025-03-18T18:21:18+00:00,147,9.792000000000002,224.0,83,45.190649,5.782563
2025-03-18T18:21:19+00:00,147,10.296,224.0,82,45.190632,5.782597
2025-03-18T18:21:20+00:00,147,10.512,224.0,82,45.190616,5.782625
2025-03-18T18:21:21+00:00,147,10.584,224.0,81,45.190601,5.782656
2025-03-18T18:21:22+00:00,147,11.016,224.0,81,45.190582,5.782689
2025-03-18T18:21:23+00:00,147,10.872,224.0,81,45.19057,5.782719
2025-03-18T18:21:24+00:00,147,11.016,224.0,81,45.190558,5.782759
2025-03-18T18:21:25+00:00,147,11.088000000000001,223.8,82,45.190543,5.78279
2025-03-18T18:21:26+00:00,147,10.872,223.8,82,45.190534,5.782817
2025-03-18T18:21:27+00:00,147,10.512,223.6,83,45.190524,5.782854
2025-03-18T18:21:28+00:00,147,10.44,223.6,83,45.190512,5.782885
2025-03-18T18:21:29+00:00,147,10.08,223.4,83,45.190501,5.782917
2025-03-18T18:21:30+00:00,148,10.08,223.4,82,45.190483,5.782947
2025-03-18T18:21:31+00:00,148,10.152,223.4,82,45.190468,5.782976
2025-03-18T18:21:32+00:00,148,10.44,223.4,82,45.190454,5.783011
2025-03-18T18:21:33+00:00,148,10.656,223.4,82,45.190441,5.783042
2025-03-18T18:21:34+00:00,148,10.728,223.4,82,45.19043,5.783074
2025-03-18T18:21:35+00:00,148,10.728,223.2,82,45.190416,5.783106
2025-03-18T18:21:36+00:00,148,10.656,223.2,82,45.190405,5.783137
2025-03-18T18:21:37+00:00,148,10.368,223.2,82,45.190394,5.783173
2025-03-18T18:21:38+00:00,149,10.152,223.2,82,45.19038,5.783205
2025-03-18T18:21:39+00:00,148,10.008,223.2,82,45.190374,5.783235
2025-03-18T18:21:40+00:00,148,9.936,223.0,83,45.190357,5.783271
2025-03-18T18:21:41+00:00,149,10.08,223.0,84,45.190344,5.783298
2025-03-18T18:21:42+00:00,148,10.296,223.0,84,45.190332,5.783336
2025-03-18T18:21:43+00:00,149,10.728,223.0,85,45.190318,5.783368
2025-03-18T18:21:44+00:00,149,10.872,223.0,85,45.190307,5.783401
2025-03-18T18:21:45+00:00,149,11.016,223.0,84,45.190291,5.783433
2025-03-18T18:21:46+00:00,148,10.8,223.0,84,45.190277,5.783462
2025-03-18T18:21:47+00:00,149,10.512,222.8,84,45.190263,5.783495
2025-03-18T18:21:48+00:00,149,10.224,222.8,84,45.190248,5.783529
2025-03-18T18:21:49+00:00,148,10.296,222.8,84,45.190241,5.783561
2025-03-18T18:21:50+00:00,149,10.44,222.8,84,45.190226,5.783602
2025-03-18T18:21:51+00:00,149,10.728,222.8,84,45.190214,5.783633
2025-03-18T18:21:52+00:00,149,11.016,222.6,84,45.190202,5.783668
2025-03-18T18:21:53+00:00,148,11.16,222.6,83,45.190188,5.7837
2025-03-18T18:21:54+00:00,148,10.872,222.6,83,45.190179,5.783731
2025-03-18T18:21:55+00:00,148,10.728,222.6,82,45.190162,5.783769
2025-03-18T18:21:56+00:00,148,10.872,222.6,82,45.190146,5.783801
2025-03-18T18:21:57+00:00,148,10.656,222.6,82,45.190133,5.783831
2025-03-18T18:21:58+00:00,148,10.8,222.6,82,45.190116,5.78387
2025-03-18T18:21:59+00:00,148,11.16,222.6,82,45.190105,5.783903
2025-03-18T18:22:00+00:00,148,11.448,222.6,82,45.190093,5.783944
2025-03-18T18:22:01+00:00,148,11.520000000000001,222.4,82,45.190077,5.783979
2025-03-18T18:22:02+00:00,148,11.520000000000001,222.2,83,45.190073,5.784012
2025-03-18T18:22:03+00:00,147,11.448,222.2,83,45.190064,5.784056
2025-03-18T18:22:04+00:00,148,11.376000000000001,222.2,83,45.190055,5.784091
2025-03-18T18:22:05+00:00,148,11.448,222.2,83,45.190047,5.78413
2025-03-18T18:22:06+00:00,148,11.232000000000001,222.2,83,45.190034,5.784166
2025-03-18T18:22:07+00:00,147,11.088000000000001,222.0,83,45.190023,5.784195
2025-03-18T18:22:08+00:00,147,11.232000000000001,222.0,83,45.190013,5.784237
2025-03-18T18:22:09+00:00,146,11.16,222.0,83,45.190002,5.784269
2025-03-18T18:22:10+00:00,146,10.728,222.0,83,45.189995,5.784301
2025-03-18T18:22:11+00:00,146,10.656,222.0,83,45.189983,5.784338
2025-03-18T18:22:12+00:00,145,10.512,222.0,83,45.18998,5.784367
2025-03-18T18:22:13+00:00,145,10.08,222.0,83,45.189974,5.784405
2025-03-18T18:22:14+00:00,145,10.152,221.8,83,45.189964,5.784441
2025-03-18T18:22:15+00:00,145,10.008,221.8,83,45.189956,5.784474
2025-03-18T18:22:16+00:00,145,10.296,221.6,83,45.189943,5.784514
2025-03-18T18:22:17+00:00,145,10.8,221.6,83,45.189933,5.784549
2025-03-18T18:22:18+00:00,145,11.232000000000001,221.6,83,45.189925,5.78459
2025-03-18T18:22:19+00:00,145,11.376000000000001,221.6,83,45.189913,5.784627
2025-03-18T18:22:20+00:00,145,11.448,221.4,83,45.189906,5.78466
2025-03-18T18:22:21+00:00,145,11.448,221.4,83,45.1899,5.784703
2025-03-18T18:22:22+00:00,146,11.232000000000001,221.4,83,45.189887,5.784735
2025-03-18T18:22:23+00:00,146,10.8,221.4,83,45.189884,5.78477
2025-03-18T18:22:24+00:00,146,10.872,221.2,83,45.189872,5.784807
2025-03-18T18:22:25+00:00,145,10.512,221.2,83,45.189867,5.784836
2025-03-18T18:22:26+00:00,146,10.368,221.2,83,45.18986,5.784873
2025-03-18T18:22:27+00:00,146,10.224,221.2,83,45.189851,5.784905
2025-03-18T18:22:28+00:00,145,10.008,221.2,82,45.189845,5.784935
2025-03-18T18:22:29+00:00,146,9.648000000000001,221.0,82,45.189838,5.784972
2025-03-18T18:22:30+00:00,146,10.08,221.0,82,45.18983,5.785007
2025-03-18T18:22:31+00:00,145,9.864,221.0,82,45.189823,5.785042
2025-03-18T18:22:32+00:00,146,10.008,221.0,82,45.189815,5.785074
2025-03-18T18:22:33+00:00,146,10.224,220.8,83,45.18981,5.785108
2025-03-18T18:22:34+00:00,146,10.368,220.8,83,45.189803,5.785149
2025-03-18T18:22:35+00:00,146,10.296,220.8,85,45.189795,5.785183
2025-03-18T18:22:36+00:00,146,10.512,220.6,85,45.18979,5.78522
2025-03-18T18:22:37+00:00,146,10.584,220.6,85,45.189784,5.785259
2025-03-18T18:22:38+00:00,146,10.584,220.6,84,45.18978,5.78529
2025-03-18T18:22:39+00:00,147,10.8,220.6,83,45.189771,5.785335
2025-03-18T18:22:40+00:00,146,10.872,220.6,83,45.189762,5.785372
2025-03-18T18:22:41+00:00,146,10.872,220.6,83,45.189758,5.785408
2025-03-18T18:22:42+00:00,147,11.088000000000001,220.6,83,45.189749,5.785449
2025-03-18T18:22:43+00:00,146,10.872,220.6,83,45.189746,5.78548
2025-03-18T18:22:44+00:00,146,10.944,220.4,83,45.189741,5.785524
2025-03-18T18:22:45+00:00,147,11.016,220.4,82,45.189733,5.785562
2025-03-18T18:22:46+00:00,147,10.872,220.4,82,45.189729,5.785595
2025-03-18T18:22:47+00:00,147,10.656,220.4,82,45.189717,5.785631
2025-03-18T18:22:48+00:00,147,10.944,220.4,82,45.189707,5.785666
2025-03-18T18:22:49+00:00,147,10.944,220.2,82,45.189694,5.785704
2025-03-18T18:22:50+00:00,146,11.232000000000001,220.2,82,45.189678,5.785743
2025-03-18T18:22:51+00:00,147,11.088000000000001,220.2,82,45.189672,5.785774
2025-03-18T18:22:52+00:00,147,11.376000000000001,220.2,82,45.189666,5.785817
2025-03-18T18:22:53+00:00,147,11.520000000000001,220.0,82,45.189655,5.785853
2025-03-18T18:22:54+00:00,147,11.16,220.0,82,45.189651,5.785887
2025-03-18T18:22:55+00:00,146,10.944,219.8,82,45.189643,5.785929
2025-03-18T18:22:56+00:00,147,11.448,219.8,82,45.18964,5.785968
2025-03-18T18:22:57+00:00,147,11.232000000000001,219.8,83,45.189634,5.786006
2025-03-18T18:22:58+00:00,147,11.232000000000001,219.8,83,45.189626,5.786043
2025-03-18T18:22:59+00:00,147,11.088000000000001,219.8,83,45.18962,5.786076
2025-03-18T18:23:00+00:00,147,11.088000000000001,219.6,82,45.189611,5.786115
2025-03-18T18:23:01+00:00,147,10.728,219.6,82,45.189605,5.786151
2025-03-18T18:23:02+00:00,147,10.44,219.6,81,45.189599,5.786182
2025-03-18T18:23:03+00:00,147,10.296,219.6,81,45.189595,5.786222
2025-03-18T18:23:04+00:00,147,10.296,219.4,81,45.189587,5.786254
2025-03-18T18:23:05+00:00,147,10.08,219.4,82,45.189582,5.786289
2025-03-18T18:23:06+00:00,147,10.08,219.4,82,45.189573,5.786325
2025-03-18T18:23:07+00:00,147,10.152,219.4,82,45.189562,5.786356
2025-03-18T18:23:08+00:00,146,10.224,219.2,82,45.189553,5.786392
2025-03-18T18:23:09+00:00,147,10.368,219.2,82,45.189543,5.786427
2025-03-18T18:23:10+00:00,147,10.296,219.2,82,45.189538,5.786462
2025-03-18T18:23:11+00:00,147,10.152,219.2,82,45.189536,5.786498
2025-03-18T18:23:12+00:00,147,10.368,219.2,82,45.189532,5.786535
2025-03-18T18:23:13+00:00,147,10.512,219.0,82,45.189526,5.786574
2025-03-18T18:23:14+00:00,147,10.656,219.0,82,45.189519,5.786612
2025-03-18T18:23:15+00:00,147,10.584,219.0,83,45.189517,5.786646
2025-03-18T18:23:16+00:00,147,11.088000000000001,218.8,84,45.18951,5.786689
2025-03-18T18:23:17+00:00,147,11.088000000000001,218.8,84,45.189498,5.786725
2025-03-18T18:23:18+00:00,147,10.8,218.8,83,45.189494,5.786756
2025-03-18T18:23:19+00:00,147,10.872,218.8,82,45.189483,5.786799
2025-03-18T18:23:20+00:00,146,10.944,219.0,82,45.189472,5.78683
2025-03-18T18:23:21+00:00,146,10.512,219.0,82,45.189465,5.786864
2025-03-18T18:23:22+00:00,146,10.656,219.0,82,45.189454,5.786902
2025-03-18T18:23:23+00:00,147,10.512,219.0,82,45.18945,5.786934
2025-03-18T18:23:24+00:00,146,10.44,219.0,82,45.189444,5.786975
2025-03-18T18:23:25+00:00,146,10.872,219.0,82,45.18943,5.787015
2025-03-18T18:23:26+00:00,146,10.944,219.0,82,45.189419,5.787048
2025-03-18T18:23:27+00:00,146,11.088000000000001,218.8,82,45.189409,5.78709
2025-03-18T18:23:28+00:00,146,11.304,218.8,82,45.189402,5.787125
2025-03-18T18:23:29+00:00,146,11.232000000000001,218.8,82,45.189397,5.787159
2025-03-18T18:23:30+00:00,145,11.016,218.8,82,45.189388,5.7872
2025-03-18T18:23:31+00:00,146,11.016,218.8,82,45.189383,5.787232
2025-03-18T18:23:32+00:00,147,10.584,218.8,82,45.189381,5.787268
2025-03-18T18:23:33+00:00,147,10.44,218.8,82,45.189373,5.787301
2025-03-18T18:23:34+00:00,147,10.08,218.6,82,45.189369,5.787335
2025-03-18T18:23:35+00:00,147,10.224,218.6,81,45.189364,5.787378
2025-03-18T18:23:36+00:00,147,10.512,218.6,81,45.189357,5.787417
2025-03-18T18:23:37+00:00,147,10.728,218.6,81,45.18935,5.787451
2025-03-18T18:23:38+00:00,147,10.944,218.6,82,45.189337,5.787488
2025-03-18T18:23:39+00:00,147,11.016,218.6,82,45.189331,5.787521
2025-03-18T18:23:40+00:00,147,10.656,218.6,82,45.189323,5.787559
2025-03-18T18:23:41+00:00,147,10.296,218.6,82,45.189319,5.7876
2025-03-18T18:23:42+00:00,148,10.08,218.6,82,45.18932,5.787635
2025-03-18T18:23:43+00:00,148,10.008,218.6,82,45.189354,5.787629
2025-03-18T18:23:44+00:00,148,10.512,218.6,82,45.189374,5.787605
2025-03-18T18:23:45+00:00,147,10.512,218.6,82,45.189383,5.787575
2025-03-18T18:23:46+00:00,148,10.8,218.8,82,45.189388,5.787533
2025-03-18T18:23:47+00:00,148,11.088000000000001,218.8,82,45.189394,5.787495
2025-03-18T18:23:48+00:00,147,11.232000000000001,218.8,82,45.1894,5.787463
2025-03-18T18:23:49+00:00,148,10.872,218.8,82,45.189405,5.787429
2025-03-18T18:23:50+00:00,148,10.8,218.8,82,45.189411,5.787395
2025-03-18T18:23:51+00:00,148,10.368,218.6,82,45.18942,5.787356
2025-03-18T18:23:52+00:00,148,10.224,218.6,82,45.189432,5.787322
2025-03-18T18:23:53+00:00,148,10.296,218.4,82,45.189438,5.787285
2025-03-18T18:23:54+00:00,147,10.872,218.4,83,45.189449,5.787242
2025-03-18T18:23:55+00:00,148,10.944,218.4,83,45.189456,5.78721
2025-03-18T18:23:56+00:00,148,11.16,218.2,83,45.189465,5.787174
2025-03-18T18:23:57+00:00,148,10.8,218.2,83,45.189474,5.78714
2025-03-18T18:23:58+00:00,148,10.584,218.0,83,45.189472,5.787104
2025-03-18T18:23:59+00:00,148,10.512,218.0,83,45.18948,5.787062
2025-03-18T18:24:00+00:00,148,10.512,218.0,84,45.189487,5.787027
2025-03-18T18:24:01+00:00,148,10.584,218.0,83,45.189492,5.786991
2025-03-18T18:24:02+00:00,148,11.016,218.0,83,45.189502,5.786953
2025-03-18T18:24:03+00:00,148,10.656,218.0,82,45.189507,5.786925
2025-03-18T18:24:04+00:00,147,10.44,218.0,82,45.189519,5.786885
2025-03-18T18:24:05+00:00,148,10.656,218.0,82,45.189528,5.786847
2025-03-18T18:24:06+00:00,148,10.44,218.0,82,45.189534,5.786818
2025-03-18T18:24:07+00:00,148,10.368,218.2,82,45.189542,5.786778
2025-03-18T18:24:08+00:00,148,10.8,218.2,82,45.189552,5.786743
2025-03-18T18:24:09+00:00,148,10.8,218.2,82,45.189559,5.786702
2025-03-18T18:24:10+00:00,148,11.016,218.2,83,45.189568,5.78666
2025-03-18T18:24:11+00:00,149,11.304,218.2,83,45.189571,5.786624
2025-03-18T18:24:12+00:00,148,11.520000000000001,218.2,83,45.189579,5.786584
2025-03-18T18:24:13+00:00,148,11.448,218.2,83,45.189586,5.786549
2025-03-18T18:24:14+00:00,148,11.016,218.2,83,45.189587,5.786516
2025-03-18T18:24:15+00:00,149,10.8,218.4,82,45.189594,5.786474
2025-03-18T18:24:16+00:00,148,10.584,218.4,81,45.189598,5.786443
2025-03-18T18:24:17+00:00,149,10.296,218.4,81,45.189605,5.786406
2025-03-18T18:24:18+00:00,149,10.224,218.4,82,45.189617,5.786372
2025-03-18T18:24:19+00:00,149,10.224,218.4,82,45.189619,5.786341
2025-03-18T18:24:20+00:00,149,10.224,218.4,82,45.189629,5.786301
2025-03-18T18:24:21+00:00,149,10.512,218.4,83,45.189639,5.786266
2025-03-18T18:24:22+00:00,150,10.368,218.4,83,45.189642,5.786234
2025-03-18T18:24:23+00:00,150,10.512,218.4,82,45.189648,5.786194
2025-03-18T18:24:24+00:00,150,10.584,218.4,82,45.189653,5.786163
2025-03-18T18:24:25+00:00,150,10.512,218.4,82,45.189658,5.786126
2025-03-18T18:24:26+00:00,151,10.152,218.4,82,45.189665,5.786091
2025-03-18T18:24:27+00:00,151,10.008,218.4,82,45.189667,5.78606
2025-03-18T18:24:28+00:00,151,10.152,218.4,82,45.189675,5.786019
2025-03-18T18:24:29+00:00,150,10.368,218.4,82,45.189684,5.785985
2025-03-18T18:24:30+00:00,151,10.224,218.4,82,45.189686,5.785952
2025-03-18T18:24:31+00:00,150,10.296,218.4,83,45.189691,5.785913
2025-03-18T18:24:32+00:00,151,10.44,218.2,83,45.189699,5.78588
2025-03-18T18:24:33+00:00,151,10.224,218.2,82,45.189704,5.785841
2025-03-18T18:24:34+00:00,151,10.368,218.2,82,45.18971,5.7858
2025-03-18T18:24:35+00:00,150,10.656,218.2,82,45.189715,5.785763
2025-03-18T18:24:36+00:00,151,11.088000000000001,218.2,82,45.189723,5.785719
2025-03-18T18:24:37+00:00,151,11.376000000000001,218.4,82,45.189729,5.785682
2025-03-18T18:24:38+00:00,151,11.16,218.4,82,45.189727,5.785649
2025-03-18T18:24:39+00:00,151,11.16,218.4,82,45.189733,5.785607
2025-03-18T18:24:40+00:00,151,10.944,218.4,82,45.189739,5.785574
2025-03-18T18:24:41+00:00,151,10.512,218.4,82,45.189744,5.785536
2025-03-18T18:24:42+00:00,151,10.584,218.4,83,45.189752,5.785496
2025-03-18T18:24:43+00:00,151,11.232000000000001,218.4,83,45.189755,5.785458
2025-03-18T18:24:44+00:00,152,10.944,218.4,82,45.189762,5.785421
2025-03-18T18:24:45+00:00,152,10.944,218.4,82,45.189771,5.785387
2025-03-18T18:24:46+00:00,152,11.016,218.4,82,45.189779,5.785351
2025-03-18T18:24:47+00:00,152,10.8,218.4,83,45.189789,5.785314
2025-03-18T18:24:48+00:00,152,10.296,218.2,84,45.189794,5.78528
2025-03-18T18:24:49+00:00,151,10.728,218.2,84,45.189802,5.785236
2025-03-18T18:24:50+00:00,152,10.584,218.2,84,45.189809,5.785207
2025-03-18T18:24:51+00:00,152,10.656,218.2,83,45.189817,5.785173
2025-03-18T18:24:52+00:00,152,10.44,218.2,83,45.189825,5.785139
2025-03-18T18:24:53+00:00,152,10.296,218.2,84,45.189824,5.785109
2025-03-18T18:24:54+00:00,152,9.936,218.2,84,45.189834,5.78507
2025-03-18T18:24:55+00:00,153,9.792000000000002,218.0,83,45.189843,5.785038
2025-03-18T18:24:56+00:00,153,9.648000000000001,218.0,83,45.189847,5.785005
2025-03-18T18:24:57+00:00,153,10.08,218.0,83,45.189855,5.784964
2025-03-18T18:24:58+00:00,153,10.08,218.0,83,45.189863,5.784934
2025-03-18T18:24:59+00:00,152,10.08,218.0,83,45.189869,5.784894
2025-03-18T18:25:00+00:00,153,10.512,218.0,83,45.189877,5.784857
2025-03-18T18:25:01+00:00,153,10.656,218.0,83,45.189882,5.784821
2025-03-18T18:25:02+00:00,152,10.8,218.0,83,45.189892,5.784781
2025-03-18T18:25:03+00:00,153,11.16,218.2,84,45.189904,5.784748
2025-03-18T18:25:04+00:00,153,11.16,218.2,84,45.189912,5.784711
2025-03-18T18:25:05+00:00,153,11.088000000000001,218.2,83,45.18992,5.784675
2025-03-18T18:25:06+00:00,153,10.872,218.2,83,45.189924,5.784644
2025-03-18T18:25:07+00:00,153,10.584,218.2,83,45.189937,5.784608
2025-03-18T18:25:08+00:00,153,10.512,218.2,83,45.189948,5.784573
2025-03-18T18:25:09+00:00,153,10.584,218.2,83,45.189957,5.784538
2025-03-18T18:25:10+00:00,153,10.44,218.2,83,45.189968,5.784504
2025-03-18T18:25:11+00:00,152,10.296,218.2,83,45.18997,5.784474
2025-03-18T18:25:12+00:00,153,10.44,218.2,83,45.189982,5.784433
2025-03-18T18:25:13+00:00,152,10.584,218.2,83,45.18999,5.784399
2025-03-18T18:25:14+00:00,152,10.224,218.2,83,45.189996,5.784368
2025-03-18T18:25:15+00:00,152,10.224,218.2,83,45.190006,5.784334
2025-03-18T18:25:16+00:00,152,10.08,218.2,83,45.190011,5.784304
2025-03-18T18:25:17+00:00,151,10.008,218.2,83,45.190022,5.784267
2025-03-18T18:25:18+00:00,151,9.72,218.2,83,45.190033,5.784233
2025-03-18T18:25:19+00:00,151,9.792000000000002,218.2,83,45.190038,5.7842
2025-03-18T18:25:20+00:00,151,10.296,218.2,83,45.19005,5.784159
2025-03-18T18:25:21+00:00,151,11.016,218.2,83,45.190061,5.784122
2025-03-18T18:25:22+00:00,150,10.872,218.2,83,45.19007,5.784087
2025-03-18T18:25:23+00:00,150,10.944,218.2,83,45.190082,5.784052
2025-03-18T18:25:24+00:00,150,11.088000000000001,218.2,83,45.190088,5.78402
2025-03-18T18:25:25+00:00,150,10.944,218.2,83,45.190102,5.783981
2025-03-18T18:25:26+00:00,150,10.8,218.2,83,45.190114,5.783945
2025-03-18T18:25:27+00:00,151,10.872,218.0,83,45.190121,5.783911
2025-03-18T18:25:28+00:00,150,11.016,218.0,83,45.190135,5.783875
2025-03-18T18:25:29+00:00,150,10.944,218.0,83,45.190145,5.783844
2025-03-18T18:25:30+00:00,150,11.016,218.0,83,45.19016,5.783806
2025-03-18T18:25:31+00:00,150,11.016,218.0,83,45.190174,5.783774
2025-03-18T18:25:32+00:00,149,11.016,218.0,83,45.190179,5.783737
2025-03-18T18:25:33+00:00,149,11.016,217.8,83,45.190195,5.783704
2025-03-18T18:25:34+00:00,149,11.088000000000001,217.8,83,45.190212,5.783678
2025-03-18T18:25:35+00:00,150,10.656,217.8,83,45.190227,5.783645
2025-03-18T18:25:36+00:00,149,10.44,217.8,83,45.190243,5.783617
2025-03-18T18:25:37+00:00,149,10.152,217.6,83,45.19025,5.783589
2025-03-18T18:25:38+00:00,149,10.08,217.6,83,45.190267,5.783555
2025-03-18T18:25:39+00:00,148,10.152,217.8,83,45.190283,5.783524
2025-03-18T18:25:40+00:00,148,10.224,217.8,82,45.190295,5.783492
2025-03-18T18:25:41+00:00,148,10.512,217.8,82,45.190311,5.783457
2025-03-18T18:25:42+00:00,148,10.584,217.8,82,45.19032,5.783425
2025-03-18T18:25:43+00:00,148,10.584,217.8,82,45.190334,5.783389
2025-03-18T18:25:44+00:00,148,10.728,217.8,82,45.19035,5.783356
2025-03-18T18:25:45+00:00,148,10.944,217.8,83,45.19036,5.783324
2025-03-18T18:25:46+00:00,148,11.016,217.6,83,45.190379,5.783285
2025-03-18T18:25:47+00:00,147,11.304,217.6,82,45.190393,5.783252
2025-03-18T18:25:48+00:00,148,11.376000000000001,217.6,82,45.190407,5.783221
2025-03-18T18:25:49+00:00,148,11.304,217.6,82,45.190424,5.783188
2025-03-18T18:25:50+00:00,147,11.016,217.6,82,45.190434,5.783158
2025-03-18T18:25:51+00:00,148,10.656,217.6,82,45.190447,5.783129
2025-03-18T18:25:52+00:00,148,10.512,217.6,82,45.190462,5.783102
2025-03-18T18:25:53+00:00,147,9.936,217.6,82,45.190474,5.783073
2025-03-18T18:25:54+00:00,148,9.936,217.6,82,45.19049,5.783041
2025-03-18T18:25:55+00:00,148,10.152,217.6,82,45.1905,5.783005
2025-03-18T18:25:56+00:00,147,10.224,217.6,81,45.190512,5.782968
2025-03-18T18:25:57+00:00,148,10.584,217.4,81,45.190527,5.782932
2025-03-18T18:25:58+00:00,148,11.016,217.4,82,45.190536,5.782898
2025-03-18T18:25:59+00:00,148,11.376000000000001,217.4,83,45.190548,5.78286
2025-03-18T18:26:00+00:00,147,11.304,217.2,83,45.190564,5.782826
2025-03-18T18:26:01+00:00,148,11.232000000000001,217.2,82,45.190574,5.782797
2025-03-18T18:26:02+00:00,148,11.16,217.2,82,45.190591,5.782761
2025-03-18T18:26:03+00:00,148,11.448,217.2,81,45.190606,5.78273
2025-03-18T18:26:04+00:00,148,10.872,217.0,81,45.190619,5.782697
2025-03-18T18:26:05+00:00,148,11.16,217.0,81,45.190636,5.782661
2025-03-18T18:26:06+00:00,147,11.376000000000001,217.0,82,45.19065,5.782628
2025-03-18T18:26:07+00:00,148,11.448,217.0,82,45.190671,5.782591
2025-03-18T18:26:08+00:00,149,11.448,217.0,82,45.190686,5.782558
2025-03-18T18:26:09+00:00,149,11.592,217.0,82,45.190693,5.782526
2025-03-18T18:26:10+00:00,149,11.520000000000001,217.0,82,45.190709,5.782488
2025-03-18T18:26:11+00:00,149,11.448,217.0,82,45.190726,5.782457
2025-03-18T18:26:12+00:00,149,10.872,217.0,81,45.190732,5.782427
2025-03-18T18:26:13+00:00,150,10.368,216.8,80,45.190745,5.782393
2025-03-18T18:26:14+00:00,150,10.512,216.8,80,45.190763,5.78236
2025-03-18T18:26:15+00:00,150,10.224,216.8,80,45.190774,5.782332
2025-03-18T18:26:16+00:00,149,10.8,216.8,79,45.190795,5.78229
2025-03-18T18:26:17+00:00,150,11.808,216.8,79,45.190813,5.782256
2025-03-18T18:26:18+00:00,150,12.24,216.4,79,45.190831,5.782227
2025-03-18T18:26:19+00:00,149,12.528,216.0,79,45.190845,5.78219
2025-03-18T18:26:20+00:00,150,12.96,215.6,79,45.190859,5.782148
2025-03-18T18:26:21+00:00,149,12.168,215.4,79,45.190871,5.782106
2025-03-18T18:26:22+00:00,149,11.376000000000001,215.4,79,45.190886,5.782077
2025-03-18T18:26:23+00:00,149,11.088000000000001,215.4,79,45.190897,5.782046
2025-03-18T18:26:24+00:00,149,10.368,215.4,80,45.190905,5.782023
2025-03-18T18:26:25+00:00,150,9.360000000000001,215.4,80,45.190916,5.781991
2025-03-18T18:26:26+00:00,149,9.216000000000001,215.6,80,45.190932,5.781966
2025-03-18T18:26:27+00:00,149,9.288,215.6,81,45.190935,5.78193
2025-03-18T18:26:28+00:00,149,9.288,215.6,81,45.190949,5.781899
2025-03-18T18:26:29+00:00,149,9.648000000000001,216.0,81,45.19097,5.78188
2025-03-18T18:26:30+00:00,148,10.152,216.2,82,45.190989,5.78186
2025-03-18T18:26:31+00:00,149,10.224,216.4,82,45.191009,5.781842
2025-03-18T18:26:32+00:00,149,9.936,216.8,82,45.191025,5.781823
2025-03-18T18:26:33+00:00,148,9.72,217.0,82,45.191044,5.781795
2025-03-18T18:26:34+00:00,148,9.432,217.4,82,45.19106,5.78177
2025-03-18T18:26:35+00:00,148,9.504000000000001,217.4,82,45.191072,5.78174
2025-03-18T18:26:36+00:00,149,9.792000000000002,217.4,82,45.19109,5.78171
2025-03-18T18:26:37+00:00,149,10.08,217.4,82,45.191105,5.781679
2025-03-18T18:26:38+00:00,149,10.656,217.4,82,45.19112,5.781641
2025-03-18T18:26:39+00:00,148,11.16,217.4,82,45.191137,5.781607
2025-03-18T18:26:40+00:00,149,11.448,217.2,82,45.191152,5.781575
2025-03-18T18:26:41+00:00,149,11.664000000000001,217.2,82,45.19117,5.781539
2025-03-18T18:26:42+00:00,149,11.592,217.2,82,45.191189,5.781514
2025-03-18T18:26:43+00:00,149,10.728,217.0,82,45.191198,5.781491
2025-03-18T18:26:44+00:00,149,10.584,217.0,82,45.191219,5.781455
2025-03-18T18:26:45+00:00,149,10.152,217.0,82,45.191234,5.781428
2025-03-18T18:26:46+00:00,149,9.72,217.0,82,45.191244,5.781398
2025-03-18T18:26:47+00:00,150,9.936,216.8,82,45.191262,5.781366
2025-03-18T18:26:48+00:00,150,10.368,216.8,82,45.191274,5.781338
2025-03-18T18:26:49+00:00,150,10.008,216.8,82,45.191286,5.781305
2025-03-18T18:26:50+00:00,150,10.296,216.8,82,45.191303,5.781275
2025-03-18T18:26:51+00:00,150,10.224,216.6,81,45.191316,5.781248
2025-03-18T18:26:52+00:00,150,10.152,216.6,81,45.191334,5.781215
2025-03-18T18:26:53+00:00,150,10.728,216.6,81,45.191352,5.781181
2025-03-18T18:26:54+00:00,150,11.016,216.6,82,45.191367,5.781154
2025-03-18T18:26:55+00:00,150,10.944,216.8,82,45.191384,5.781124
2025-03-18T18:26:56+00:00,151,11.16,216.8,82,45.191399,5.781096
2025-03-18T18:26:57+00:00,150,10.728,216.8,82,45.191409,5.781067
2025-03-18T18:26:58+00:00,150,10.584,216.8,81,45.191421,5.781029
2025-03-18T18:26:59+00:00,151,10.224,216.8,81,45.19143,5.781003
2025-03-18T18:27:00+00:00,150,9.792000000000002,216.8,81,45.191449,5.780977
2025-03-18T18:27:01+00:00,150,9.576,216.8,82,45.191466,5.780953
2025-03-18T18:27:02+00:00,151,10.08,216.8,83,45.191484,5.780922
2025-03-18T18:27:03+00:00,150,9.792000000000002,216.6,84,45.191504,5.780894
2025-03-18T18:27:04+00:00,150,10.224,216.6,84,45.191523,5.780867
2025-03-18T18:27:05+00:00,151,10.944,216.4,84,45.191545,5.780838
2025-03-18T18:27:06+00:00,150,11.376000000000001,216.4,82,45.191567,5.780807
2025-03-18T18:27:07+00:00,150,11.304,216.4,82,45.19158,5.780778
2025-03-18T18:27:08+00:00,151,11.592,216.4,82,45.191602,5.780744
2025-03-18T18:27:09+00:00,151,11.448,216.4,82,45.191622,5.78072
2025-03-18T18:27:10+00:00,151,11.16,216.4,82,45.191639,5.780694
2025-03-18T18:27:11+00:00,150,11.16,216.4,82,45.191663,5.780667
2025-03-18T18:27:12+00:00,151,11.016,216.4,82,45.191683,5.780643
2025-03-18T18:27:13+00:00,151,11.016,216.4,82,45.191705,5.780615
2025-03-18T18:27:14+00:00,151,11.16,216.4,82,45.191728,5.780589
2025-03-18T18:27:15+00:00,151,11.16,216.2,82,45.191745,5.780564
2025-03-18T18:27:16+00:00,150,11.448,216.2,82,45.19177,5.780535
2025-03-18T18:27:17+00:00,151,11.735999999999999,216.2,82,45.191797,5.780515
2025-03-18T18:27:18+00:00,151,11.520000000000001,216.2,82,45.191815,5.780495
2025-03-18T18:27:19+00:00,151,11.376000000000001,216.0,81,45.191835,5.78047
2025-03-18T18:27:20+00:00,151,10.944,216.0,81,45.191854,5.780448
2025-03-18T18:27:21+00:00,151,10.512,216.0,81,45.191869,5.780422
2025-03-18T18:27:22+00:00,151,10.224,216.0,81,45.191894,5.7804
2025-03-18T18:27:23+00:00,151,9.864,215.8,82,45.191908,5.78038
2025-03-18T18:27:24+00:00,151,9.864,215.8,82,45.191927,5.780351
2025-03-18T18:27:25+00:00,151,10.008,215.8,82,45.191948,5.780328
2025-03-18T18:27:26+00:00,151,10.224,215.8,82,45.191971,5.780301
2025-03-18T18:27:27+00:00,152,10.44,215.8,81,45.191994,5.78027
2025-03-18T18:27:28+00:00,152,11.16,215.6,81,45.192019,5.780244
2025-03-18T18:27:29+00:00,152,11.304,215.6,82,45.192031,5.780214
2025-03-18T18:27:30+00:00,152,11.520000000000001,215.6,82,45.192053,5.780182
2025-03-18T18:27:31+00:00,153,11.808,215.6,80,45.192078,5.780154
2025-03-18T18:27:32+00:00,152,11.808,215.6,80,45.192096,5.780128
2025-03-18T18:27:33+00:00,152,11.735999999999999,215.6,80,45.192124,5.780104
2025-03-18T18:27:34+00:00,151,11.735999999999999,215.4,80,45.192145,5.780083
2025-03-18T18:27:35+00:00,151,11.735999999999999,215.4,81,45.192165,5.78006
2025-03-18T18:27:36+00:00,150,11.520000000000001,215.4,81,45.192194,5.78004
2025-03-18T18:27:37+00:00,151,11.232000000000001,215.4,81,45.192213,5.780025
2025-03-18T18:27:38+00:00,151,10.944,215.4,81,45.192235,5.780004
2025-03-18T18:27:39+00:00,151,10.872,215.4,81,45.19226,5.779985
2025-03-18T18:27:40+00:00,151,10.8,215.4,82,45.192279,5.779968
2025-03-18T18:27:41+00:00,151,10.656,215.4,82,45.192307,5.779949
2025-03-18T18:27:42+00:00,152,10.584,215.4,80,45.19233,5.779935
2025-03-18T18:27:43+00:00,152,10.008,215.4,80,45.192347,5.779916
2025-03-18T18:27:44+00:00,152,10.224,215.2,80,45.192381,5.779901
2025-03-18T18:27:45+00:00,152,10.44,215.2,81,45.192409,5.779895
2025-03-18T18:27:46+00:00,152,10.44,215.2,81,45.192433,5.779881
2025-03-18T18:27:47+00:00,152,11.16,215.2,81,45.192468,5.779873
2025-03-18T18:27:48+00:00,151,11.952,215.2,81,45.192494,5.77987
2025-03-18T18:27:49+00:00,152,12.024,215.2,80,45.192519,5.779863
2025-03-18T18:27:50+00:00,152,12.312,215.2,80,45.192549,5.779858
2025-03-18T18:27:51+00:00,151,11.664000000000001,215.2,80,45.192572,5.779849
2025-03-18T18:27:52+00:00,151,10.728,215.2,81,45.192598,5.77984
2025-03-18T18:27:53+00:00,150,10.944,215.2,81,45.19263,5.779836
2025-03-18T18:27:54+00:00,151,10.728,215.2,81,45.192654,5.779824
2025-03-18T18:27:55+00:00,151,10.584,215.2,81,45.192682,5.779815
2025-03-18T18:27:56+00:00,151,11.016,215.2,81,45.192706,5.779808
2025-03-18T18:27:57+00:00,151,11.16,215.0,81,45.19273,5.779804
2025-03-18T18:27:58+00:00,151,10.656,215.0,81,45.192757,5.779795
2025-03-18T18:27:59+00:00,152,10.512,215.0,81,45.192783,5.779789
2025-03-18T18:28:00+00:00,152,10.368,215.0,81,45.192807,5.779783
2025-03-18T18:28:01+00:00,152,10.512,214.8,81,45.192835,5.779782
2025-03-18T18:28:02+00:00,153,10.224,214.8,81,45.192854,5.779776
2025-03-18T18:28:03+00:00,153,10.152,214.8,81,45.192877,5.779767
2025-03-18T18:28:04+00:00,154,9.72,214.8,81,45.1929,5.779766
2025-03-18T18:28:05+00:00,154,9.144,214.8,81,45.192923,5.779765
2025-03-18T18:28:06+00:00,154,8.712,214.8,81,45.192947,5.77976
2025-03-18T18:28:07+00:00,154,9.0,214.8,81,45.192973,5.779761
2025-03-18T18:28:08+00:00,154,8.928,214.8,82,45.192999,5.779758
2025-03-18T18:28:09+00:00,154,9.576,214.8,82,45.19303,5.779754
2025-03-18T18:28:10+00:00,154,10.296,214.8,82,45.193059,5.779751
2025-03-18T18:28:11+00:00,154,10.944,214.8,81,45.193087,5.779744
2025-03-18T18:28:12+00:00,155,11.448,214.6,81,45.193114,5.779739
2025-03-18T18:28:13+00:00,154,11.376000000000001,214.6,81,45.193139,5.779739
2025-03-18T18:28:14+00:00,154,11.304,214.6,81,45.193165,5.779734
2025-03-18T18:28:15+00:00,155,11.16,214.4,81,45.193195,5.779731
2025-03-18T18:28:16+00:00,155,10.728,214.4,81,45.193216,5.779727
2025-03-18T18:28:17+00:00,155,10.584,214.4,81,45.193242,5.779724
2025-03-18T18:28:18+00:00,155,10.728,214.4,81,45.193268,5.779727
2025-03-18T18:28:19+00:00,154,10.512,214.4,81,45.193292,5.779724
2025-03-18T18:28:20+00:00,155,10.44,214.4,81,45.193316,5.779723
2025-03-18T18:28:21+00:00,155,9.936,214.4,81,45.193338,5.779721
2025-03-18T18:28:22+00:00,155,9.72,214.2,81,45.193364,5.779718
2025-03-18T18:28:23+00:00,154,9.936,214.2,81,45.193393,5.779719
2025-03-18T18:28:24+00:00,155,9.864,214.2,81,45.193418,5.779723
2025-03-18T18:28:25+00:00,155,9.504000000000001,214.2,81,45.193443,5.779716
2025-03-18T18:28:26+00:00,155,10.368,214.2,81,45.193473,5.779719
2025-03-18T18:28:27+00:00,155,10.44,214.2,81,45.193498,5.77972
2025-03-18T18:28:28+00:00,155,10.512,214.2,81,45.193528,5.779721
2025-03-18T18:28:29+00:00,154,11.016,214.2,81,45.19356,5.779729
2025-03-18T18:28:30+00:00,155,11.088000000000001,214.2,82,45.193585,5.779733
2025-03-18T18:28:31+00:00,155,10.656,214.2,82,45.193614,5.779736
2025-03-18T18:28:32+00:00,155,11.952,214.0,81,45.193653,5.779738
2025-03-18T18:28:33+00:00,155,12.96,214.0,80,45.193685,5.779737
2025-03-18T18:28:34+00:00,155,13.104000000000001,214.0,80,45.193718,5.779732
2025-03-18T18:28:35+00:00,155,13.104000000000001,214.0,81,45.193741,5.779731
2025-03-18T18:28:36+00:00,155,12.96,214.0,81,45.193763,5.779724
2025-03-18T18:28:37+00:00,156,11.664000000000001,214.0,81,45.193787,5.779715
2025-03-18T18:28:38+00:00,155,10.512,214.0,81,45.193812,5.779711
2025-03-18T18:28:39+00:00,155,9.576,214.0,81,45.193834,5.779704
2025-03-18T18:28:40+00:00,155,9.72,214.0,81,45.193866,5.779701
2025-03-18T18:28:41+00:00,156,10.008,214.0,81,45.19389,5.779697
2025-03-18T18:28:42+00:00,155,10.008,214.0,81,45.193917,5.77969
2025-03-18T18:28:43+00:00,155,10.8,214.0,81,45.193953,5.77969
2025-03-18T18:28:44+00:00,155,11.376000000000001,214.0,81,45.19398,5.779683
2025-03-18T18:28:45+00:00,156,11.808,214.0,81,45.194008,5.779678
2025-03-18T18:28:46+00:00,155,12.312,214.0,81,45.194037,5.779674
2025-03-18T18:28:47+00:00,155,12.456,214.0,81,45.194063,5.779665
2025-03-18T18:28:48+00:00,155,11.592,214.0,80,45.194089,5.77966
2025-03-18T18:28:49+00:00,156,11.448,214.0,80,45.194118,5.779659
2025-03-18T18:28:50+00:00,155,11.016,214.0,80,45.194138,5.77966
2025-03-18T18:28:51+00:00,155,10.584,214.0,80,45.194167,5.779661
2025-03-18T18:28:52+00:00,155,10.08,214.0,81,45.194188,5.779658
2025-03-18T18:28:53+00:00,155,9.72,213.8,81,45.194209,5.779653
2025-03-18T18:28:54+00:00,155,9.648000000000001,213.8,81,45.194236,5.779646
2025-03-18T18:28:55+00:00,155,9.576,213.8,81,45.194259,5.779638
2025-03-18T18:28:56+00:00,154,9.504000000000001,213.8,81,45.194282,5.77964
2025-03-18T18:28:57+00:00,153,10.152,213.8,81,45.194313,5.77964
2025-03-18T18:28:58+00:00,153,10.224,213.8,81,45.19434,5.779632
2025-03-18T18:28:59+00:00,153,10.368,213.8,81,45.194371,5.779629
2025-03-18T18:29:00+00:00,153,10.584,213.6,82,45.194397,5.779629
2025-03-18T18:29:01+00:00,153,11.304,213.6,83,45.194435,5.779624
2025-03-18T18:29:02+00:00,152,11.664000000000001,213.6,83,45.194469,5.779628
2025-03-18T18:29:03+00:00,152,12.528,213.4,83,45.194497,5.779627
2025-03-18T18:29:04+00:00,152,12.672,213.4,83,45.194527,5.779621
2025-03-18T18:29:05+00:00,152,13.104000000000001,213.4,83,45.194558,5.779613
2025-03-18T18:29:06+00:00,153,12.888,213.4,82,45.194587,5.779603
2025-03-18T18:29:07+00:00,152,12.24,213.4,82,45.194613,5.779595
2025-03-18T18:29:08+00:00,152,12.024,213.4,81,45.194641,5.779586
2025-03-18T18:29:09+00:00,152,11.664000000000001,213.4,81,45.19466,5.77958
2025-03-18T18:29:10+00:00,153,11.16,213.4,81,45.194689,5.779577
2025-03-18T18:29:11+00:00,152,10.512,213.4,81,45.194713,5.779575
2025-03-18T18:29:12+00:00,152,10.584,213.4,82,45.194738,5.77957
2025-03-18T18:29:13+00:00,152,10.368,213.4,82,45.194764,5.779562
2025-03-18T18:29:14+00:00,152,10.224,213.2,82,45.194783,5.779546
2025-03-18T18:29:15+00:00,152,10.008,213.2,82,45.194809,5.779539
2025-03-18T18:29:16+00:00,152,10.08,213.2,82,45.194833,5.779533
2025-03-18T18:29:17+00:00,152,9.72,213.4,82,45.194856,5.779525
2025-03-18T18:29:18+00:00,151,9.072000000000001,213.4,81,45.19488,5.779522
2025-03-18T18:29:19+00:00,150,9.216000000000001,213.4,81,45.194904,5.779518
2025-03-18T18:29:20+00:00,150,9.576,213.4,83,45.194931,5.779507
2025-03-18T18:29:21+00:00,149,9.360000000000001,213.4,83,45.194956,5.779501
2025-03-18T18:29:22+00:00,149,9.792000000000002,213.4,83,45.194985,5.779495
2025-03-18T18:29:23+00:00,148,10.584,213.4,84,45.195016,5.779481
2025-03-18T18:29:24+00:00,148,10.872,213.4,84,45.195042,5.779477
2025-03-18T18:29:25+00:00,148,11.016,213.4,83,45.195067,5.779467
2025-03-18T18:29:26+00:00,148,11.592,213.4,82,45.1951,5.779463
2025-03-18T18:29:27+00:00,148,11.520000000000001,213.2,82,45.195123,5.779456
2025-03-18T18:29:28+00:00,148,11.376000000000001,213.2,82,45.195152,5.779445
2025-03-18T18:29:29+00:00,148,11.520000000000001,213.2,82,45.19518,5.779434
2025-03-18T18:29:30+00:00,148,11.232000000000001,213.2,83,45.195204,5.779422
2025-03-18T18:29:31+00:00,149,11.664000000000001,213.0,83,45.195241,5.779416
2025-03-18T18:29:32+00:00,149,11.879999999999999,213.0,82,45.195267,5.779409
2025-03-18T18:29:33+00:00,149,12.024,213.0,82,45.195295,5.779399
2025-03-18T18:29:34+00:00,149,11.808,213.0,83,45.195324,5.779392
2025-03-18T18:29:35+00:00,149,11.879999999999999,213.0,83,45.195346,5.779378
2025-03-18T18:29:36+00:00,149,11.448,213.0,83,45.195377,5.779363
2025-03-18T18:29:37+00:00,149,11.232000000000001,213.0,82,45.195402,5.779354
2025-03-18T18:29:38+00:00,149,11.232000000000001,212.8,82,45.195429,5.779344
2025-03-18T18:29:39+00:00,150,11.376000000000001,212.8,82,45.195458,5.779333
2025-03-18T18:29:40+00:00,150,11.016,212.8,82,45.195478,5.779323
2025-03-18T18:29:41+00:00,150,10.872,212.8,83,45.195505,5.779312
2025-03-18T18:29:42+00:00,151,10.872,212.8,83,45.195533,5.779302
2025-03-18T18:29:43+00:00,152,10.656,212.8,83,45.195558,5.779291
2025-03-18T18:29:44+00:00,152,10.728,212.8,83,45.195589,5.779276
2025-03-18T18:29:45+00:00,152,11.376000000000001,212.8,82,45.195618,5.779268
2025-03-18T18:29:46+00:00,151,11.520000000000001,212.8,83,45.195643,5.779256
2025-03-18T18:29:47+00:00,152,11.879999999999999,212.6,82,45.195675,5.779248
2025-03-18T18:29:48+00:00,151,11.808,212.6,82,45.195697,5.779236
2025-03-18T18:29:49+00:00,151,11.735999999999999,212.6,82,45.195725,5.779219
2025-03-18T18:29:50+00:00,151,11.376000000000001,212.6,82,45.195751,5.779212
2025-03-18T18:29:51+00:00,151,11.304,212.6,83,45.195777,5.779198
2025-03-18T18:29:52+00:00,151,11.016,212.6,83,45.195809,5.779192
2025-03-18T18:29:53+00:00,151,11.16,212.4,83,45.195835,5.779182
2025-03-18T18:29:54+00:00,151,11.376000000000001,212.4,83,45.195866,5.779164
2025-03-18T18:29:55+00:00,151,11.879999999999999,212.4,83,45.195896,5.779157
2025-03-18T18:29:56+00:00,151,11.664000000000001,212.4,83,45.195919,5.779144
2025-03-18T18:29:57+00:00,150,12.24,212.4,83,45.195952,5.779132
2025-03-18T18:29:58+00:00,150,11.952,212.4,83,45.195974,5.779122
2025-03-18T18:29:59+00:00,149,11.520000000000001,212.4,82,45.195998,5.779108
2025-03-18T18:30:00+00:00,148,10.944,212.2,82,45.196025,5.7791
2025-03-18T18:30:01+00:00,147,10.44,212.2,83,45.196043,5.779092
2025-03-18T18:30:02+00:00,147,9.864,212.2,83,45.196071,5.779078
2025-03-18T18:30:03+00:00,147,10.008,212.2,82,45.196096,5.779073
2025-03-18T18:30:04+00:00,148,9.792000000000002,212.2,82,45.196116,5.779064
2025-03-18T18:30:05+00:00,148,9.792000000000002,212.2,81,45.196144,5.779054
2025-03-18T18:30:06+00:00,148,10.152,212.2,81,45.196164,5.779046
2025-03-18T18:30:07+00:00,147,10.008,212.2,82,45.19619,5.779032
2025-03-18T18:30:08+00:00,147,10.296,212.2,83,45.196218,5.779026
2025-03-18T18:30:09+00:00,147,10.008,212.2,83,45.196236,5.779015
2025-03-18T18:30:10+00:00,147,10.296,212.2,83,45.196266,5.779003
2025-03-18T18:30:11+00:00,146,10.008,212.2,83,45.196288,5.778994
2025-03-18T18:30:12+00:00,146,10.296,212.2,83,45.196317,5.778981
2025-03-18T18:30:13+00:00,147,10.368,212.2,83,45.196348,5.778975
2025-03-18T18:30:14+00:00,147,10.656,212.2,83,45.19637,5.778965
2025-03-18T18:30:15+00:00,147,10.8,212.2,82,45.196401,5.77895
2025-03-18T18:30:16+00:00,147,11.808,212.2,82,45.196431,5.778945
2025-03-18T18:30:17+00:00,147,11.952,212.2,82,45.196459,5.77893
2025-03-18T18:30:18+00:00,147,11.735999999999999,212.2,83,45.196487,5.77892
2025-03-18T18:30:19+00:00,148,11.952,212.2,83,45.196512,5.778911
2025-03-18T18:30:20+00:00,147,11.592,212.2,83,45.196536,5.7789
2025-03-18T18:30:21+00:00,147,11.448,212.2,82,45.196567,5.778894
2025-03-18T18:30:22+00:00,148,10.872,212.0,82,45.196589,5.778885
2025-03-18T18:30:23+00:00,148,10.8,212.0,82,45.196617,5.778877
2025-03-18T18:30:24+00:00,148,10.872,211.8,82,45.196643,5.77887
2025-03-18T18:30:25+00:00,148,10.872,211.8,82,45.196669,5.778862
2025-03-18T18:30:26+00:00,149,10.656,211.8,82,45.196696,5.778853
2025-03-18T18:30:27+00:00,150,10.872,211.6,83,45.196721,5.778844
2025-03-18T18:30:28+00:00,150,10.728,211.6,83,45.196747,5.778834
2025-03-18T18:30:29+00:00,150,10.728,211.6,82,45.196776,5.778828
2025-03-18T18:30:30+00:00,149,10.656,211.6,82,45.196796,5.778819
2025-03-18T18:30:31+00:00,149,10.512,211.6,82,45.196825,5.778809
2025-03-18T18:30:32+00:00,149,10.368,211.6,82,45.196849,5.778802
2025-03-18T18:30:33+00:00,149,10.152,211.6,82,45.196868,5.778792
2025-03-18T18:30:34+00:00,149,9.864,211.6,83,45.196896,5.778787
2025-03-18T18:30:35+00:00,149,9.792000000000002,211.6,83,45.196918,5.778778
2025-03-18T18:30:36+00:00,149,9.792000000000002,211.8,82,45.196945,5.778769
2025-03-18T18:30:37+00:00,149,10.152,211.8,82,45.196975,5.778768
2025-03-18T18:30:38+00:00,149,10.296,211.8,82,45.196994,5.778759
2025-03-18T18:30:39+00:00,149,10.584,212.0,82,45.197023,5.778751
2025-03-18T18:30:40+00:00,149,10.44,212.0,82,45.197049,5.778746
2025-03-18T18:30:41+00:00,149,10.44,212.0,82,45.197072,5.77873
2025-03-18T18:30:42+00:00,149,10.8,212.2,82,45.197107,5.778723
2025-03-18T18:30:43+00:00,150,11.088000000000001,212.2,82,45.197132,5.778717
2025-03-18T18:30:44+00:00,150,11.664000000000001,212.2,82,45.197162,5.778706
2025-03-18T18:30:45+00:00,151,11.735999999999999,212.2,83,45.197188,5.778704
2025-03-18T18:30:46+00:00,152,11.592,212.2,82,45.197211,5.778688
2025-03-18T18:30:47+00:00,153,11.232000000000001,212.2,83,45.197245,5.778685
2025-03-18T18:30:48+00:00,153,11.232000000000001,212.2,83,45.197272,5.77868
2025-03-18T18:30:49+00:00,153,10.944,212.2,83,45.1973,5.77867
2025-03-18T18:30:50+00:00,153,11.735999999999999,212.0,83,45.19733,5.77867
2025-03-18T18:30:51+00:00,153,11.448,212.0,83,45.197351,5.778657
2025-03-18T18:30:52+00:00,153,11.016,212.0,83,45.197379,5.778653
2025-03-18T18:30:53+00:00,152,10.944,212.0,83,45.197405,5.778644
2025-03-18T18:30:54+00:00,151,11.016,211.8,83,45.197435,5.77863
2025-03-18T18:30:55+00:00,150,10.728,211.6,85,45.197464,5.778621
2025-03-18T18:30:56+00:00,150,11.304,211.6,85,45.19749,5.778613
2025-03-18T18:30:57+00:00,150,11.879999999999999,211.6,85,45.197522,5.778607
2025-03-18T18:30:58+00:00,150,11.879999999999999,211.6,85,45.197546,5.778596
2025-03-18T18:30:59+00:00,151,11.735999999999999,211.6,84,45.197574,5.778585
2025-03-18T18:31:00+00:00,151,11.592,211.8,83,45.197603,5.77858
2025-03-18T18:31:01+00:00,152,11.304,211.8,83,45.197626,5.778571
2025-03-18T18:31:02+00:00,152,11.016,211.8,83,45.197654,5.778561
2025-03-18T18:31:03+00:00,152,10.656,211.8,83,45.197679,5.778558
2025-03-18T18:31:04+00:00,152,10.44,211.6,83,45.197701,5.778548
2025-03-18T18:31:05+00:00,152,10.368,211.6,83,45.19773,5.77854
2025-03-18T18:31:06+00:00,152,10.152,211.6,83,45.197751,5.778525
2025-03-18T18:31:07+00:00,152,10.224,211.4,83,45.19778,5.778509
2025-03-18T18:31:08+00:00,152,10.656,211.4,82,45.197806,5.778502
2025-03-18T18:31:09+00:00,152,10.656,211.4,82,45.197829,5.778487
2025-03-18T18:31:10+00:00,152,11.016,211.4,82,45.197861,5.778481
2025-03-18T18:31:11+00:00,152,11.304,211.4,82,45.197884,5.778473
2025-03-18T18:31:12+00:00,152,11.232000000000001,211.6,82,45.19791,5.778461
2025-03-18T18:31:13+00:00,153,11.16,211.6,82,45.197937,5.778457
2025-03-18T18:31:14+00:00,152,10.872,211.6,82,45.197957,5.778447
2025-03-18T18:31:15+00:00,152,10.44,211.6,82,45.197984,5.778436
2025-03-18T18:31:16+00:00,153,10.44,211.4,82,45.19801,5.77843
2025-03-18T18:31:17+00:00,153,9.792000000000002,211.4,82,45.198028,5.77842
2025-03-18T18:31:18+00:00,153,9.648000000000001,211.4,82,45.198059,5.778411
2025-03-18T18:31:19+00:00,152,10.08,211.4,82,45.198086,5.778405
2025-03-18T18:31:20+00:00,153,10.296,211.4,82,45.198113,5.778396
2025-03-18T18:31:21+00:00,153,10.728,211.4,82,45.198145,5.778393
2025-03-18T18:31:22+00:00,152,11.088000000000001,211.4,82,45.198164,5.778387
2025-03-18T18:31:23+00:00,153,11.304,211.4,81,45.198195,5.778377
2025-03-18T18:31:24+00:00,153,11.16,211.4,81,45.198222,5.778374
2025-03-18T18:31:25+00:00,153,10.872,211.4,82,45.198245,5.778366
2025-03-18T18:31:26+00:00,153,10.728,211.4,82,45.198279,5.778359
2025-03-18T18:31:27+00:00,153,11.232000000000001,211.4,82,45.198304,5.778348
2025-03-18T18:31:28+00:00,153,11.232000000000001,211.4,82,45.198329,5.778339
2025-03-18T18:31:29+00:00,153,11.016,211.4,82,45.198354,5.778332
2025-03-18T18:31:30+00:00,153,10.872,211.4,82,45.198379,5.778325
2025-03-18T18:31:31+00:00,153,10.512,211.4,82,45.198405,5.778315
2025-03-18T18:31:32+00:00,153,10.152,211.4,82,45.198432,5.778309
2025-03-18T18:31:33+00:00,153,10.008,211.4,81,45.198456,5.778296
2025-03-18T18:31:34+00:00,153,11.16,211.4,81,45.198491,5.778279
2025-03-18T18:31:35+00:00,154,11.016,211.4,82,45.198509,5.778263
2025-03-18T18:31:36+00:00,153,11.232000000000001,211.4,82,45.198532,5.778242
2025-03-18T18:31:37+00:00,153,11.376000000000001,211.4,82,45.19856,5.778226
2025-03-18T18:31:38+00:00,153,11.520000000000001,211.4,81,45.198584,5.778213
2025-03-18T18:31:39+00:00,153,10.8,211.4,81,45.198611,5.778195
2025-03-18T18:31:40+00:00,153,11.304,211.4,82,45.198634,5.778179
2025-03-18T18:31:41+00:00,153,10.8,211.4,82,45.198653,5.778163
2025-03-18T18:31:42+00:00,153,10.8,211.4,82,45.198682,5.778147
2025-03-18T18:31:43+00:00,153,10.368,211.4,82,45.198702,5.778133
2025-03-18T18:31:44+00:00,152,9.936,211.4,82,45.198723,5.778112
2025-03-18T18:31:45+00:00,152,10.152,211.4,82,45.198755,5.778098
2025-03-18T18:31:46+00:00,152,10.584,211.4,82,45.198771,5.778081
2025-03-18T18:31:47+00:00,152,10.512,211.4,82,45.198798,5.778063
2025-03-18T18:31:48+00:00,152,11.088000000000001,211.4,82,45.198826,5.778047
2025-03-18T18:31:49+00:00,152,11.376000000000001,211.4,82,45.198846,5.778028
2025-03-18T18:31:50+00:00,152,11.16,211.4,82,45.198872,5.778006
2025-03-18T18:31:51+00:00,152,11.304,211.4,82,45.198896,5.77799
2025-03-18T18:31:52+00:00,152,11.16,211.4,82,45.198915,5.777971
2025-03-18T18:31:53+00:00,152,11.088000000000001,211.4,82,45.198942,5.777953
2025-03-18T18:31:54+00:00,152,10.8,211.4,82,45.198965,5.777945
2025-03-18T18:31:55+00:00,152,10.44,211.4,82,45.198984,5.777932
2025-03-18T18:31:56+00:00,152,10.152,211.2,82,45.199012,5.777919
2025-03-18T18:31:57+00:00,151,9.864,211.2,81,45.199032,5.777905
2025-03-18T18:31:58+00:00,152,9.576,211.2,81,45.199058,5.777887
2025-03-18T18:31:59+00:00,152,10.08,211.0,82,45.19909,5.777872
2025-03-18T18:32:00+00:00,152,10.512,211.0,82,45.199113,5.777854
2025-03-18T18:32:01+00:00,152,11.088000000000001,210.8,82,45.199143,5.777836
2025-03-18T18:32:02+00:00,152,11.735999999999999,210.8,82,45.199169,5.777819
2025-03-18T18:32:03+00:00,152,12.024,210.8,81,45.19919,5.777799
2025-03-18T18:32:04+00:00,152,11.879999999999999,210.8,81,45.199218,5.777783
2025-03-18T18:32:05+00:00,152,11.664000000000001,210.8,82,45.19924,5.777768
2025-03-18T18:32:06+00:00,152,10.872,210.8,82,45.199259,5.777752
2025-03-18T18:32:07+00:00,152,10.656,210.6,82,45.199285,5.777734
2025-03-18T18:32:08+00:00,153,10.224,210.6,81,45.199302,5.777715
2025-03-18T18:32:09+00:00,152,9.936,210.6,81,45.199322,5.777691
2025-03-18T18:32:10+00:00,152,10.152,210.6,81,45.199348,5.777673
2025-03-18T18:32:11+00:00,152,10.368,210.6,81,45.199365,5.777652
2025-03-18T18:32:12+00:00,152,10.44,210.6,81,45.199389,5.777624
2025-03-18T18:32:13+00:00,152,10.944,210.6,81,45.199412,5.777606
2025-03-18T18:32:14+00:00,152,10.8,210.6,81,45.199431,5.777584
2025-03-18T18:32:15+00:00,152,10.44,210.6,81,45.199457,5.777565
2025-03-18T18:32:16+00:00,151,10.44,210.4,81,45.199474,5.777544
2025-03-18T18:32:17+00:00,151,10.512,210.4,82,45.199496,5.777517
2025-03-18T18:32:18+00:00,151,10.296,210.4,82,45.199514,5.777492
2025-03-18T18:32:19+00:00,151,10.224,210.2,82,45.199529,5.777468
2025-03-18T18:32:20+00:00,151,10.44,210.2,82,45.199552,5.77744
2025-03-18T18:32:21+00:00,151,11.088000000000001,210.2,82,45.199581,5.777421
2025-03-18T18:32:22+00:00,151,10.584,210.2,82,45.199595,5.777399
2025-03-18T18:32:23+00:00,151,11.016,210.2,81,45.199622,5.777368
2025-03-18T18:32:24+00:00,151,11.376000000000001,210.2,81,45.199643,5.77735
2025-03-18T18:32:25+00:00,152,11.16,210.0,81,45.199659,5.777326
2025-03-18T18:32:26+00:00,153,10.872,210.2,80,45.199682,5.777295
2025-03-18T18:32:27+00:00,153,11.016,210.0,80,45.199701,5.777277
2025-03-18T18:32:28+00:00,153,10.44,210.0,81,45.199721,5.777254
2025-03-18T18:32:29+00:00,153,10.512,210.0,81,45.199747,5.777232
2025-03-18T18:32:30+00:00,152,10.44,210.0,81,45.199767,5.777213
2025-03-18T18:32:31+00:00,152,10.224,210.0,81,45.199789,5.777187
2025-03-18T18:32:32+00:00,152,10.728,210.0,81,45.199813,5.77716
2025-03-18T18:32:33+00:00,152,10.8,209.8,82,45.199832,5.777141
2025-03-18T18:32:34+00:00,151,10.8,209.8,82,45.199852,5.777112
2025-03-18T18:32:35+00:00,151,11.304,209.8,81,45.199872,5.777076
2025-03-18T18:32:36+00:00,151,11.448,209.8,81,45.199884,5.777044
2025-03-18T18:32:37+00:00,151,11.016,209.8,80,45.1999,5.777016
2025-03-18T18:32:38+00:00,150,10.8,209.8,80,45.199916,5.776988
2025-03-18T18:32:39+00:00,151,10.656,209.8,81,45.199932,5.776958
2025-03-18T18:32:40+00:00,151,10.584,209.8,81,45.199952,5.776929
2025-03-18T18:32:41+00:00,150,10.584,209.8,82,45.199973,5.776902
2025-03-18T18:32:42+00:00,151,10.656,209.8,82,45.199987,5.776874
2025-03-18T18:32:43+00:00,151,11.088000000000001,209.8,81,45.200005,5.776842
2025-03-18T18:32:44+00:00,150,10.944,209.8,80,45.200019,5.776816
2025-03-18T18:32:45+00:00,151,10.656,209.6,80,45.200036,5.776785
2025-03-18T18:32:46+00:00,151,10.728,209.6,80,45.200057,5.776757
2025-03-18T18:32:47+00:00,150,10.296,209.6,81,45.200068,5.77673
2025-03-18T18:32:48+00:00,151,10.08,209.6,81,45.200084,5.776701
2025-03-18T18:32:49+00:00,151,10.512,209.6,81,45.200103,5.77667
2025-03-18T18:32:50+00:00,150,10.224,209.6,81,45.200116,5.776647
2025-03-18T18:32:51+00:00,151,9.72,209.6,81,45.200133,5.776619
2025-03-18T18:32:52+00:00,151,10.296,209.6,81,45.200146,5.776588
2025-03-18T18:32:53+00:00,151,10.224,209.8,81,45.200157,5.776556
2025-03-18T18:32:54+00:00,151,10.08,209.8,81,45.200178,5.776522
2025-03-18T18:32:55+00:00,151,10.224,209.8,81,45.200193,5.776499
2025-03-18T18:32:56+00:00,151,10.656,209.8,81,45.200206,5.776465
2025-03-18T18:32:57+00:00,151,10.8,209.8,81,45.200222,5.776429
2025-03-18T18:32:58+00:00,151,11.088000000000001,210.0,81,45.200239,5.776399
2025-03-18T18:32:59+00:00,151,11.088000000000001,210.0,81,45.200255,5.776363
2025-03-18T18:33:00+00:00,152,11.664000000000001,210.0,81,45.200273,5.776329
2025-03-18T18:33:01+00:00,152,11.735999999999999,210.0,81,45.200289,5.776293
2025-03-18T18:33:02+00:00,152,12.024,209.8,81,45.200303,5.776254
2025-03-18T18:33:03+00:00,152,12.096,209.8,81,45.200319,5.776219
2025-03-18T18:33:04+00:00,153,11.952,209.8,81,45.200331,5.776186
2025-03-18T18:33:05+00:00,153,11.735999999999999,209.8,82,45.200343,5.776152
2025-03-18T18:33:06+00:00,154,11.592,209.6,82,45.200357,5.776117
2025-03-18T18:33:07+00:00,154,11.16,209.6,82,45.200366,5.776083
2025-03-18T18:33:08+00:00,154,10.944,209.6,81,45.200375,5.776044
2025-03-18T18:33:09+00:00,155,10.872,209.6,81,45.200383,5.776014
2025-03-18T18:33:10+00:00,155,10.872,209.6,81,45.200394,5.775977
2025-03-18T18:33:11+00:00,155,10.728,209.6,81,45.200404,5.77594
2025-03-18T18:33:12+00:00,156,10.44,209.4,81,45.200411,5.775912
2025-03-18T18:33:13+00:00,156,10.512,209.4,81,45.200425,5.775876
2025-03-18T18:33:14+00:00,156,10.368,209.4,82,45.200432,5.775842
2025-03-18T18:33:15+00:00,156,10.296,209.4,82,45.200436,5.775808
2025-03-18T18:33:16+00:00,157,10.368,209.4,82,45.200449,5.775769
2025-03-18T18:33:17+00:00,157,10.584,209.4,81,45.200459,5.775734
2025-03-18T18:33:18+00:00,157,10.44,209.2,81,45.200466,5.775702
2025-03-18T18:33:19+00:00,157,10.872,209.2,81,45.200478,5.775663
2025-03-18T18:33:20+00:00,157,10.296,209.4,81,45.200483,5.775634
2025-03-18T18:33:21+00:00,157,10.296,209.4,81,45.200487,5.775598
2025-03-18T18:33:22+00:00,157,10.152,209.2,81,45.200493,5.775559
2025-03-18T18:33:23+00:00,157,10.44,209.4,81,45.200501,5.775517
2025-03-18T18:33:24+00:00,157,10.656,209.4,81,45.200505,5.775474
2025-03-18T18:33:25+00:00,157,11.448,209.4,81,45.200511,5.775436
2025-03-18T18:33:26+00:00,157,11.664000000000001,209.2,82,45.20051,5.775395
2025-03-18T18:33:27+00:00,157,12.096,209.2,82,45.200516,5.77535
2025-03-18T18:33:28+00:00,156,12.096,209.2,82,45.200522,5.775312
2025-03-18T18:33:29+00:00,156,12.024,209.2,82,45.200526,5.775271
2025-03-18T18:33:30+00:00,156,11.952,209.2,82,45.200532,5.77523
2025-03-18T18:33:31+00:00,156,11.664000000000001,209.2,82,45.200529,5.775194
2025-03-18T18:33:32+00:00,155,11.664000000000001,209.2,82,45.200533,5.775147
2025-03-18T18:33:33+00:00,154,11.735999999999999,209.2,82,45.200538,5.775105
2025-03-18T18:33:34+00:00,153,11.592,209.2,83,45.200545,5.775066
2025-03-18T18:33:35+00:00,153,11.952,209.0,83,45.200546,5.77502
2025-03-18T18:33:36+00:00,153,11.664000000000001,209.0,82,45.200547,5.774989
2025-03-18T18:33:37+00:00,153,11.735999999999999,209.0,82,45.200545,5.774947
2025-03-18T18:33:38+00:00,153,11.664000000000001,209.0,82,45.200546,5.774903
2025-03-18T18:33:39+00:00,154,11.520000000000001,209.0,82,45.200543,5.774866
2025-03-18T18:33:40+00:00,154,11.448,209.0,81,45.200539,5.774819
2025-03-18T18:33:41+00:00,154,12.024,209.0,81,45.20054,5.774779
2025-03-18T18:33:42+00:00,154,11.520000000000001,209.0,81,45.200536,5.774745
2025-03-18T18:33:43+00:00,154,11.520000000000001,209.0,81,45.200535,5.774701
2025-03-18T18:33:44+00:00,154,11.376000000000001,209.0,81,45.200534,5.77466
2025-03-18T18:33:45+00:00,154,11.232000000000001,209.0,81,45.200529,5.774623
2025-03-18T18:33:46+00:00,154,11.304,209.0,82,45.200531,5.774581
2025-03-18T18:33:47+00:00,154,11.088000000000001,209.2,82,45.200534,5.77455
2025-03-18T18:33:48+00:00,154,10.872,209.2,82,45.200526,5.774511
2025-03-18T18:33:49+00:00,154,10.728,209.2,83,45.200525,5.774473
2025-03-18T18:33:50+00:00,154,10.8,209.2,83,45.200517,5.77443
2025-03-18T18:33:51+00:00,155,11.16,209.2,82,45.200513,5.774381
2025-03-18T18:33:52+00:00,155,11.735999999999999,209.2,82,45.200504,5.774345
2025-03-18T18:33:53+00:00,155,12.024,209.2,82,45.200501,5.774306
2025-03-18T18:33:54+00:00,154,12.312,209.2,82,45.200498,5.774264
2025-03-18T18:33:55+00:00,155,12.024,209.4,82,45.200498,5.774227
2025-03-18T18:33:56+00:00,155,11.376000000000001,209.4,82,45.200489,5.774189
2025-03-18T18:33:57+00:00,155,11.232000000000001,209.4,82,45.200486,5.774148
2025-03-18T18:33:58+00:00,154,10.872,209.4,82,45.200483,5.774114
2025-03-18T18:33:59+00:00,155,10.944,209.4,82,45.200474,5.774074
2025-03-18T18:34:00+00:00,155,10.872,209.2,82,45.200475,5.774037
2025-03-18T18:34:01+00:00,155,10.728,209.2,82,45.200468,5.774003
2025-03-18T18:34:02+00:00,155,10.944,209.2,82,45.200462,5.77396
2025-03-18T18:34:03+00:00,154,10.656,209.2,82,45.200457,5.773929
2025-03-18T18:34:04+00:00,155,10.584,209.2,82,45.200449,5.773894
2025-03-18T18:34:05+00:00,154,10.368,209.2,82,45.200444,5.773856
2025-03-18T18:34:06+00:00,154,10.296,209.2,82,45.200432,5.773827
2025-03-18T18:34:07+00:00,154,10.296,209.2,82,45.200421,5.773782
2025-03-18T18:34:08+00:00,154,10.872,209.2,82,45.200418,5.773739
2025-03-18T18:34:09+00:00,155,11.16,209.2,82,45.200407,5.773702
2025-03-18T18:34:10+00:00,154,11.808,209.2,82,45.2004,5.773658
2025-03-18T18:34:11+00:00,154,11.879999999999999,209.2,82,45.200396,5.773624
2025-03-18T18:34:12+00:00,154,11.664000000000001,209.2,81,45.200381,5.773589
2025-03-18T18:34:13+00:00,154,11.808,209.2,81,45.200366,5.773548
2025-03-18T18:34:14+00:00,153,11.448,209.2,81,45.200356,5.773517
2025-03-18T18:34:15+00:00,154,11.016,209.2,82,45.200348,5.773481
2025-03-18T18:34:16+00:00,154,11.232000000000001,209.2,82,45.200338,5.773442
2025-03-18T18:34:17+00:00,154,11.088000000000001,209.2,82,45.200325,5.773413
2025-03-18T18:34:18+00:00,154,10.8,209.2,82,45.200314,5.773376
2025-03-18T18:34:19+00:00,154,10.944,209.4,82,45.200308,5.77334
2025-03-18T18:34:20+00:00,154,10.512,209.4,82,45.200292,5.773312
2025-03-18T18:34:21+00:00,154,10.8,209.4,82,45.200283,5.773268
2025-03-18T18:34:22+00:00,154,10.8,209.2,82,45.200276,5.773237
2025-03-18T18:34:23+00:00,155,11.016,209.2,81,45.200263,5.773196
2025-03-18T18:34:24+00:00,154,10.944,209.2,81,45.200255,5.773158
2025-03-18T18:34:25+00:00,154,11.376000000000001,209.0,82,45.200245,5.773124
2025-03-18T18:34:26+00:00,155,11.448,209.0,82,45.200235,5.77308
2025-03-18T18:34:27+00:00,154,11.304,209.0,82,45.200229,5.773044
2025-03-18T18:34:28+00:00,154,11.16,208.8,82,45.200214,5.77301
2025-03-18T18:34:29+00:00,154,11.304,208.8,82,45.200204,5.772974
2025-03-18T18:34:30+00:00,154,11.376000000000001,208.8,83,45.200186,5.772944
2025-03-18T18:34:31+00:00,155,10.656,208.8,83,45.200175,5.772913
2025-03-18T18:34:32+00:00,154,10.584,208.6,83,45.200165,5.772878
2025-03-18T18:34:33+00:00,154,10.728,208.6,84,45.200148,5.772842
2025-03-18T18:34:34+00:00,154,10.584,208.6,84,45.200137,5.772803
2025-03-18T18:34:35+00:00,154,10.512,208.6,84,45.200125,5.772775
2025-03-18T18:34:36+00:00,154,11.016,208.6,84,45.200109,5.772736
2025-03-18T18:34:37+00:00,154,11.376000000000001,208.6,83,45.200103,5.772699
2025-03-18T18:34:38+00:00,155,11.016,208.6,83,45.200095,5.772665
2025-03-18T18:34:39+00:00,154,11.376000000000001,208.6,82,45.200075,5.772626
2025-03-18T18:34:40+00:00,154,11.304,208.6,82,45.200059,5.772597
2025-03-18T18:34:41+00:00,154,11.520000000000001,208.6,82,45.200044,5.772559
2025-03-18T18:34:42+00:00,154,11.664000000000001,208.4,82,45.200031,5.772522
2025-03-18T18:34:43+00:00,153,11.520000000000001,208.4,82,45.20002,5.772497
2025-03-18T18:34:44+00:00,154,11.520000000000001,208.4,82,45.200006,5.772454
2025-03-18T18:34:45+00:00,154,11.592,208.4,82,45.199992,5.77242
2025-03-18T18:34:46+00:00,155,11.16,208.4,82,45.199978,5.772384
2025-03-18T18:34:47+00:00,155,11.304,208.4,82,45.199964,5.772345
2025-03-18T18:34:48+00:00,155,11.735999999999999,208.4,82,45.199947,5.772314
2025-03-18T18:34:49+00:00,154,11.808,208.4,83,45.199933,5.772273
2025-03-18T18:34:50+00:00,154,11.808,208.4,84,45.199923,5.772238
2025-03-18T18:34:51+00:00,154,12.168,208.4,84,45.199906,5.772203
2025-03-18T18:34:52+00:00,154,11.952,208.4,84,45.199885,5.772174
2025-03-18T18:34:53+00:00,154,11.664000000000001,208.4,83,45.199871,5.772142
2025-03-18T18:34:54+00:00,154,11.664000000000001,208.6,83,45.199854,5.772104
2025-03-18T18:34:55+00:00,154,11.808,208.6,83,45.199837,5.77207
2025-03-18T18:34:56+00:00,154,11.592,208.6,83,45.19982,5.772043
2025-03-18T18:34:57+00:00,155,11.664000000000001,208.6,83,45.199802,5.772007
2025-03-18T18:34:58+00:00,155,11.520000000000001,208.6,83,45.199789,5.771978
2025-03-18T18:34:59+00:00,156,11.232000000000001,208.6,83,45.199772,5.771946
2025-03-18T18:35:00+00:00,155,11.304,208.6,82,45.199755,5.771908
2025-03-18T18:35:01+00:00,155,11.016,208.6,82,45.199736,5.771888
2025-03-18T18:35:02+00:00,155,11.16,208.4,82,45.199715,5.771853
2025-03-18T18:35:03+00:00,155,11.448,208.4,83,45.199698,5.771822
2025-03-18T18:35:04+00:00,155,11.16,208.4,83,45.199684,5.771796
2025-03-18T18:35:05+00:00,156,11.232000000000001,208.4,83,45.199662,5.77176
2025-03-18T18:35:06+00:00,156,11.304,208.2,82,45.199648,5.77173
2025-03-18T18:35:07+00:00,156,11.088000000000001,208.2,81,45.19963,5.771704
2025-03-18T18:35:08+00:00,155,11.016,208.0,81,45.199609,5.771672
2025-03-18T18:35:09+00:00,156,11.016,208.0,81,45.199588,5.771652
2025-03-18T18:35:10+00:00,155,11.232000000000001,208.0,82,45.199564,5.771625
2025-03-18T18:35:11+00:00,155,11.16,208.0,82,45.199546,5.771597
2025-03-18T18:35:12+00:00,155,10.728,208.0,82,45.199526,5.771582
2025-03-18T18:35:13+00:00,155,10.728,208.0,82,45.199502,5.771557
2025-03-18T18:35:14+00:00,155,10.8,208.0,82,45.199482,5.771532
2025-03-18T18:35:15+00:00,155,10.44,208.0,82,45.19946,5.77151
2025-03-18T18:35:16+00:00,154,10.656,208.0,82,45.199436,5.771488
2025-03-18T18:35:17+00:00,155,10.656,208.0,82,45.199422,5.771464
2025-03-18T18:35:18+00:00,155,10.296,208.0,82,45.199407,5.771444
2025-03-18T18:35:19+00:00,154,10.296,208.0,82,45.199386,5.771416
2025-03-18T18:35:20+00:00,154,10.008,208.0,82,45.199364,5.771398
2025-03-18T18:35:21+00:00,154,10.224,207.8,82,45.199338,5.771374
2025-03-18T18:35:22+00:00,154,10.656,207.8,82,45.199316,5.771348
2025-03-18T18:35:23+00:00,154,11.016,207.8,82,45.199297,5.771326
2025-03-18T18:35:24+00:00,153,11.232000000000001,207.8,82,45.199273,5.7713
2025-03-18T18:35:25+00:00,153,10.8,207.8,82,45.199255,5.77128
2025-03-18T18:35:26+00:00,153,10.728,207.8,81,45.19923,5.77126
2025-03-18T18:35:27+00:00,153,10.224,207.8,82,45.199207,5.771239
2025-03-18T18:35:28+00:00,154,10.296,207.8,82,45.199183,5.771222
2025-03-18T18:35:29+00:00,153,10.44,207.6,82,45.199157,5.771199
2025-03-18T18:35:30+00:00,153,11.016,207.6,83,45.199133,5.771177
2025-03-18T18:35:31+00:00,154,10.584,207.6,83,45.199111,5.771169
2025-03-18T18:35:32+00:00,153,10.872,207.4,82,45.199085,5.771153
2025-03-18T18:35:33+00:00,153,10.728,207.4,82,45.199062,5.771134
2025-03-18T18:35:34+00:00,154,11.376000000000001,207.4,82,45.199031,5.771108
2025-03-18T18:35:35+00:00,153,11.664000000000001,207.4,81,45.199007,5.771085
2025-03-18T18:35:36+00:00,153,12.096,207.4,81,45.198981,5.771068
2025-03-18T18:35:37+00:00,154,12.384,207.2,83,45.198954,5.771044
2025-03-18T18:35:38+00:00,153,12.456,207.4,84,45.198933,5.771022
2025-03-18T18:35:39+00:00,153,11.664000000000001,207.2,84,45.198906,5.771006
2025-03-18T18:35:40+00:00,154,11.448,207.2,84,45.198881,5.770985
2025-03-18T18:35:41+00:00,153,11.088000000000001,207.4,83,45.198857,5.770972
2025-03-18T18:35:42+00:00,153,10.728,207.4,83,45.198838,5.77095
2025-03-18T18:35:43+00:00,154,10.656,207.4,82,45.198813,5.770928
2025-03-18T18:35:44+00:00,154,10.656,207.4,82,45.198788,5.770912
2025-03-18T18:35:45+00:00,154,10.944,207.4,83,45.19876,5.770889
2025-03-18T18:35:46+00:00,154,11.088000000000001,207.4,83,45.19874,5.770873
2025-03-18T18:35:47+00:00,154,11.376000000000001,207.6,82,45.198713,5.770857
2025-03-18T18:35:48+00:00,155,11.520000000000001,207.6,82,45.198689,5.770838
2025-03-18T18:35:49+00:00,155,11.376000000000001,207.6,83,45.198664,5.770826
2025-03-18T18:35:50+00:00,155,11.304,207.6,83,45.198636,5.770804
2025-03-18T18:35:51+00:00,155,11.448,207.8,82,45.198614,5.770783
2025-03-18T18:35:52+00:00,155,11.304,207.8,82,45.19859,5.770772
2025-03-18T18:35:53+00:00,154,11.16,208.0,81,45.198565,5.770747
2025-03-18T18:35:54+00:00,155,11.232000000000001,208.0,81,45.198542,5.770732
2025-03-18T18:35:55+00:00,155,11.232000000000001,208.0,82,45.198513,5.770718
2025-03-18T18:35:56+00:00,155,11.304,208.0,82,45.198489,5.770696
2025-03-18T18:35:57+00:00,155,11.232000000000001,208.0,82,45.198467,5.770679
2025-03-18T18:35:58+00:00,155,11.232000000000001,208.0,82,45.198449,5.770655
2025-03-18T18:35:59+00:00,155,11.016,208.0,82,45.198427,5.770632
2025-03-18T18:36:00+00:00,156,10.512,208.2,82,45.198409,5.770617
2025-03-18T18:36:01+00:00,155,10.152,208.2,82,45.198387,5.770591
2025-03-18T18:36:02+00:00,155,9.864,208.4,82,45.19837,5.770572
2025-03-18T18:36:03+00:00,155,9.72,208.4,82,45.198349,5.770552
2025-03-18T18:36:04+00:00,155,9.576,208.4,82,45.19833,5.770528
2025-03-18T18:36:05+00:00,155,9.72,208.6,83,45.19831,5.770509
2025-03-18T18:36:06+00:00,155,10.08,208.6,83,45.198286,5.770482
2025-03-18T18:36:07+00:00,155,10.224,208.6,82,45.198268,5.770456
2025-03-18T18:36:08+00:00,155,10.296,208.6,82,45.198246,5.770437
2025-03-18T18:36:09+00:00,154,10.872,208.8,82,45.198219,5.770407
2025-03-18T18:36:10+00:00,155,11.232000000000001,209.0,82,45.198203,5.770375
2025-03-18T18:36:11+00:00,155,11.232000000000001,209.0,82,45.198184,5.770347
2025-03-18T18:36:12+00:00,154,11.879999999999999,209.0,82,45.19816,5.770313
2025-03-18T18:36:13+00:00,155,11.879999999999999,209.0,81,45.198145,5.770289
2025-03-18T18:36:14+00:00,154,11.592,209.0,80,45.198124,5.770262
2025-03-18T18:36:15+00:00,154,11.232000000000001,208.8,81,45.198106,5.770231
2025-03-18T18:36:16+00:00,155,11.088000000000001,208.8,82,45.198087,5.770206
2025-03-18T18:36:17+00:00,155,10.944,208.6,82,45.198066,5.770174
2025-03-18T18:36:18+00:00,155,11.304,208.6,82,45.198046,5.770144
2025-03-18T18:36:19+00:00,154,11.304,208.6,82,45.198025,5.770121
2025-03-18T18:36:20+00:00,154,11.592,208.6,82,45.198003,5.770091
2025-03-18T18:36:21+00:00,154,11.376000000000001,208.4,82,45.197987,5.770065
2025-03-18T18:36:22+00:00,154,11.304,208.4,82,45.197963,5.770039
2025-03-18T18:36:23+00:00,154,11.088000000000001,208.4,83,45.197942,5.77001
2025-03-18T18:36:24+00:00,154,11.520000000000001,208.2,83,45.197921,5.769982
2025-03-18T18:36:25+00:00,154,11.16,208.2,83,45.197903,5.769954
2025-03-18T18:36:26+00:00,154,11.016,208.2,83,45.197891,5.769928
2025-03-18T18:36:27+00:00,154,10.944,208.0,83,45.197871,5.769899
2025-03-18T18:36:28+00:00,155,10.872,208.0,83,45.197857,5.769867
2025-03-18T18:36:29+00:00,155,9.936,208.0,84,45.197841,5.769846
2025-03-18T18:36:30+00:00,155,10.44,208.0,84,45.197819,5.769812
2025-03-18T18:36:31+00:00,155,10.512,208.0,84,45.197804,5.769783
2025-03-18T18:36:32+00:00,155,10.584,208.0,83,45.197785,5.769754
2025-03-18T18:36:33+00:00,155,10.872,207.8,83,45.197766,5.769722
2025-03-18T18:36:34+00:00,155,11.448,207.8,83,45.197751,5.769691
2025-03-18T18:36:35+00:00,155,11.232000000000001,207.8,83,45.197739,5.769658
2025-03-18T18:36:36+00:00,155,11.304,207.8,82,45.197726,5.76963
2025-03-18T18:36:37+00:00,155,10.368,207.8,82,45.197712,5.769614
2025-03-18T18:36:38+00:00,155,9.792000000000002,207.6,82,45.197697,5.769583
2025-03-18T18:36:39+00:00,155,9.72,207.6,82,45.197686,5.769551
2025-03-18T18:36:40+00:00,155,9.144,207.6,82,45.197674,5.769528
2025-03-18T18:36:41+00:00,155,8.784,207.6,82,45.197661,5.769497
2025-03-18T18:36:42+00:00,155,9.0,207.6,81,45.197647,5.769474
2025-03-18T18:36:43+00:00,155,9.360000000000001,207.6,81,45.197633,5.769442
2025-03-18T18:36:44+00:00,155,9.432,207.6,81,45.197621,5.769406
2025-03-18T18:36:45+00:00,155,9.72,207.4,81,45.197605,5.769382
2025-03-18T18:36:46+00:00,155,10.368,207.4,81,45.19759,5.769344
2025-03-18T18:36:47+00:00,155,10.728,207.4,81,45.197581,5.769308
2025-03-18T18:36:48+00:00,155,10.872,207.4,81,45.197564,5.769278
2025-03-18T18:36:49+00:00,154,11.088000000000001,207.4,83,45.197544,5.769242
2025-03-18T18:36:50+00:00,153,11.448,207.4,83,45.197532,5.769204
2025-03-18T18:36:51+00:00,152,11.448,207.4,82,45.197513,5.769176
2025-03-18T18:36:52+00:00,151,11.735999999999999,207.4,82,45.197498,5.769139
2025-03-18T18:36:53+00:00,151,11.16,207.4,82,45.197487,5.769118
2025-03-18T18:36:54+00:00,152,10.728,207.4,82,45.19747,5.769085
2025-03-18T18:36:55+00:00,152,10.656,207.4,82,45.197458,5.769046
2025-03-18T18:36:56+00:00,152,10.584,207.4,82,45.19744,5.769017
2025-03-18T18:36:57+00:00,152,10.944,207.8,82,45.197421,5.768978
2025-03-18T18:36:58+00:00,152,11.304,208.0,82,45.197406,5.768948
2025-03-18T18:36:59+00:00,152,11.520000000000001,208.0,81,45.197388,5.76892
2025-03-18T18:37:00+00:00,152,11.592,208.0,81,45.197372,5.768886
2025-03-18T18:37:01+00:00,152,11.448,208.0,81,45.197355,5.76886
2025-03-18T18:37:02+00:00,152,10.944,208.0,81,45.197337,5.768831
2025-03-18T18:37:03+00:00,151,11.016,208.0,81,45.197324,5.768796
2025-03-18T18:37:04+00:00,152,10.656,207.8,82,45.197311,5.768769
2025-03-18T18:37:05+00:00,152,10.584,207.6,83,45.1973,5.768734
2025-03-18T18:37:06+00:00,152,10.44,207.6,83,45.197288,5.7687
2025-03-18T18:37:07+00:00,152,10.224,207.6,82,45.197273,5.768678
2025-03-18T18:37:08+00:00,152,10.224,207.6,82,45.197257,5.768641
2025-03-18T18:37:09+00:00,152,10.44,207.6,82,45.197239,5.768609
2025-03-18T18:37:10+00:00,152,10.512,207.6,82,45.197225,5.768576
2025-03-18T18:37:11+00:00,152,10.728,207.6,82,45.197213,5.768541
2025-03-18T18:37:12+00:00,152,10.872,207.6,83,45.197199,5.76851
2025-03-18T18:37:13+00:00,152,11.16,207.6,83,45.197187,5.768471
2025-03-18T18:37:14+00:00,152,11.016,207.6,84,45.197173,5.768444
2025-03-18T18:37:15+00:00,152,10.944,207.6,84,45.197155,5.768412
2025-03-18T18:37:16+00:00,153,10.944,207.6,84,45.197141,5.768378
2025-03-18T18:37:17+00:00,153,11.016,207.6,84,45.197127,5.768348
2025-03-18T18:37:18+00:00,153,10.8,207.6,83,45.197113,5.768312
2025-03-18T18:37:19+00:00,153,11.016,207.6,83,45.197105,5.768278
2025-03-18T18:37:20+00:00,154,10.584,207.6,81,45.197091,5.768253
2025-03-18T18:37:21+00:00,154,10.656,207.6,81,45.197075,5.768216
2025-03-18T18:37:22+00:00,155,10.296,207.8,81,45.197065,5.768189
2025-03-18T18:37:23+00:00,155,10.152,207.8,82,45.197052,5.768156
2025-03-18T18:37:24+00:00,154,10.152,207.8,82,45.19704,5.768119
2025-03-18T18:37:25+00:00,154,10.368,208.0,83,45.19703,5.76809
2025-03-18T18:37:26+00:00,154,10.368,208.0,83,45.197014,5.768053
2025-03-18T18:37:27+00:00,153,10.728,208.0,83,45.197,5.768023
2025-03-18T18:37:28+00:00,153,10.8,208.0,82,45.196986,5.767992
2025-03-18T18:37:29+00:00,153,10.872,208.0,82,45.196974,5.767952
2025-03-18T18:37:30+00:00,153,10.728,208.0,82,45.196959,5.767929
2025-03-18T18:37:31+00:00,153,10.944,208.0,83,45.19694,5.767896
2025-03-18T18:37:32+00:00,153,10.728,208.0,83,45.196928,5.767861
2025-03-18T18:37:33+00:00,153,10.44,208.0,83,45.196911,5.767835
2025-03-18T18:37:34+00:00,153,10.296,208.0,82,45.196894,5.767805
2025-03-18T18:37:35+00:00,152,10.44,208.0,82,45.196881,5.767773
2025-03-18T18:37:36+00:00,152,10.8,208.0,82,45.196861,5.767739
2025-03-18T18:37:37+00:00,152,11.448,208.0,82,45.196845,5.767701
2025-03-18T18:37:38+00:00,152,11.232000000000001,208.0,82,45.196831,5.767678
2025-03-18T18:37:39+00:00,152,11.376000000000001,208.0,82,45.196815,5.767646
2025-03-18T18:37:40+00:00,152,11.376000000000001,208.0,82,45.196801,5.767611
2025-03-18T18:37:41+00:00,152,10.224,208.0,82,45.196791,5.76759
2025-03-18T18:37:42+00:00,152,10.008,208.0,82,45.196772,5.767553
2025-03-18T18:37:43+00:00,152,10.584,208.2,81,45.196757,5.767517
2025-03-18T18:37:44+00:00,153,10.584,208.2,80,45.196743,5.767487
2025-03-18T18:37:45+00:00,153,11.016,208.2,80,45.196725,5.767445
2025-03-18T18:37:46+00:00,153,11.592,208.2,82,45.196715,5.767413
2025-03-18T18:37:47+00:00,152,11.520000000000001,208.2,82,45.196699,5.767382
2025-03-18T18:37:48+00:00,152,11.448,208.2,82,45.196685,5.767349
2025-03-18T18:37:49+00:00,152,10.944,208.4,82,45.19667,5.767329
2025-03-18T18:37:50+00:00,152,10.584,208.4,82,45.196651,5.767297
2025-03-18T18:37:51+00:00,152,10.512,208.4,82,45.196637,5.767266
2025-03-18T18:37:52+00:00,152,9.936,208.4,82,45.196623,5.767244
2025-03-18T18:37:53+00:00,152,10.08,208.4,82,45.196604,5.767208
2025-03-18T18:37:54+00:00,152,10.296,208.4,82,45.196591,5.76718
2025-03-18T18:37:55+00:00,152,10.512,208.4,82,45.196574,5.767147
2025-03-18T18:37:56+00:00,152,10.584,208.6,82,45.196561,5.767109
2025-03-18T18:37:57+00:00,152,10.728,208.6,83,45.196549,5.767083
2025-03-18T18:37:58+00:00,152,10.8,208.6,83,45.196532,5.767048
2025-03-18T18:37:59+00:00,152,11.232000000000001,208.6,82,45.19652,5.767009
2025-03-18T18:38:00+00:00,152,10.872,208.4,82,45.196507,5.766982
2025-03-18T18:38:01+00:00,152,11.016,208.4,81,45.196492,5.766945
2025-03-18T18:38:02+00:00,153,11.016,208.4,81,45.196481,5.766914
2025-03-18T18:38:03+00:00,153,10.728,208.4,81,45.196466,5.766888
2025-03-18T18:38:04+00:00,154,10.584,208.2,81,45.196452,5.766849
2025-03-18T18:38:05+00:00,154,10.296,208.2,81,45.196439,5.766821
2025-03-18T18:38:06+00:00,155,10.296,208.2,81,45.196422,5.766791
2025-03-18T18:38:07+00:00,155,10.944,208.2,81,45.196406,5.766751
2025-03-18T18:38:08+00:00,155,10.656,208.2,81,45.196394,5.766721
2025-03-18T18:38:09+00:00,155,11.16,208.0,81,45.196379,5.766681
2025-03-18T18:38:10+00:00,154,11.808,208.0,81,45.196365,5.766647
2025-03-18T18:38:11+00:00,155,11.232000000000001,208.0,81,45.196351,5.766622
2025-03-18T18:38:12+00:00,155,10.8,208.0,82,45.196336,5.766587
2025-03-18T18:38:13+00:00,155,10.8,208.0,82,45.196325,5.76656
2025-03-18T18:38:14+00:00,155,10.512,208.0,83,45.196308,5.766526
2025-03-18T18:38:15+00:00,155,10.224,208.0,83,45.196292,5.766498
2025-03-18T18:38:16+00:00,155,10.368,208.0,83,45.196278,5.766476
2025-03-18T18:38:17+00:00,155,10.152,208.0,83,45.196263,5.766444
2025-03-18T18:38:18+00:00,155,10.44,208.2,83,45.196248,5.766413
2025-03-18T18:38:19+00:00,156,10.008,208.2,82,45.196232,5.766389
2025-03-18T18:38:20+00:00,156,10.08,208.2,82,45.196217,5.766353
2025-03-18T18:38:21+00:00,156,10.08,208.2,82,45.196206,5.766325
2025-03-18T18:38:22+00:00,156,10.296,208.2,82,45.196191,5.766294
2025-03-18T18:38:23+00:00,156,10.584,208.2,82,45.196176,5.766256
2025-03-18T18:38:24+00:00,156,10.656,208.2,82,45.19616,5.766226
2025-03-18T18:38:25+00:00,155,11.016,208.2,82,45.196142,5.766191
2025-03-18T18:38:26+00:00,155,11.16,208.2,82,45.196132,5.766157
2025-03-18T18:38:27+00:00,153,10.944,208.0,81,45.196122,5.766128
2025-03-18T18:38:28+00:00,153,11.016,207.8,81,45.196109,5.766087
2025-03-18T18:38:29+00:00,152,10.872,207.8,81,45.196097,5.766053
2025-03-18T18:38:30+00:00,151,10.296,207.8,81,45.196083,5.766025
2025-03-18T18:38:31+00:00,151,11.088000000000001,207.8,82,45.196065,5.765981
2025-03-18T18:38:32+00:00,151,11.16,207.8,82,45.196055,5.765949
2025-03-18T18:38:33+00:00,151,10.8,207.8,81,45.196038,5.765918
2025-03-18T18:38:34+00:00,151,11.376000000000001,207.8,81,45.196021,5.765874
2025-03-18T18:38:35+00:00,151,11.592,207.8,81,45.196011,5.765845
2025-03-18T18:38:36+00:00,150,10.8,207.8,81,45.195999,5.76581
2025-03-18T18:38:37+00:00,151,11.304,207.8,81,45.195989,5.76577
2025-03-18T18:38:38+00:00,151,11.016,207.8,81,45.195978,5.765746
2025-03-18T18:38:39+00:00,151,10.728,207.8,81,45.195965,5.765711
2025-03-18T18:38:40+00:00,151,10.656,208.0,81,45.195954,5.765676
2025-03-18T18:38:41+00:00,150,10.368,208.0,81,45.195945,5.76565
2025-03-18T18:38:42+00:00,150,10.224,208.0,81,45.195931,5.765611
2025-03-18T18:38:43+00:00,150,10.584,208.0,80,45.195925,5.765574
2025-03-18T18:38:44+00:00,150,10.296,208.0,81,45.195913,5.765545
2025-03-18T18:38:45+00:00,150,10.368,208.0,81,45.195901,5.765508
2025-03-18T18:38:46+00:00,151,10.44,208.0,81,45.195895,5.765477
2025-03-18T18:38:47+00:00,151,10.224,208.0,81,45.195887,5.765442
2025-03-18T18:38:48+00:00,151,10.44,208.0,82,45.19588,5.765399
2025-03-18T18:38:49+00:00,151,10.512,208.0,82,45.195873,5.765366
2025-03-18T18:38:50+00:00,150,10.8,207.8,82,45.195863,5.765324
2025-03-18T18:38:51+00:00,151,11.16,207.8,82,45.195856,5.765287
2025-03-18T18:38:52+00:00,151,11.016,207.8,81,45.195844,5.765262
2025-03-18T18:38:53+00:00,151,10.728,207.8,81,45.195834,5.765224
2025-03-18T18:38:54+00:00,151,10.728,207.8,82,45.195828,5.76519
2025-03-18T18:38:55+00:00,151,10.08,207.8,82,45.195821,5.765158
2025-03-18T18:38:56+00:00,152,10.08,207.8,81,45.195811,5.765117
2025-03-18T18:38:57+00:00,152,10.368,207.8,81,45.195806,5.76508
2025-03-18T18:38:58+00:00,152,10.44,207.8,81,45.195791,5.76505
2025-03-18T18:38:59+00:00,152,10.656,207.8,81,45.19578,5.765011
2025-03-18T18:39:00+00:00,152,11.088000000000001,207.8,81,45.19577,5.764978
2025-03-18T18:39:01+00:00,152,10.872,207.8,81,45.195764,5.764944
2025-03-18T18:39:02+00:00,153,10.872,207.8,81,45.195759,5.764904
2025-03-18T18:39:03+00:00,153,10.584,207.8,80,45.195756,5.764869
2025-03-18T18:39:04+00:00,153,10.44,208.0,80,45.195751,5.764834
2025-03-18T18:39:05+00:00,153,10.584,208.0,80,45.195744,5.764791
2025-03-18T18:39:06+00:00,152,10.584,208.0,81,45.195739,5.764759
2025-03-18T18:39:07+00:00,152,10.44,208.0,81,45.195731,5.764726
2025-03-18T18:39:08+00:00,152,10.368,208.0,81,45.195724,5.764693
2025-03-18T18:39:09+00:00,152,10.152,208.0,80,45.195714,5.764662
2025-03-18T18:39:10+00:00,153,9.864,208.0,80,45.195704,5.76463
2025-03-18T18:39:11+00:00,152,9.72,208.0,80,45.1957,5.764596
2025-03-18T18:39:12+00:00,152,9.504000000000001,208.0,81,45.195691,5.764565
2025-03-18T18:39:13+00:00,152,9.72,208.0,81,45.195682,5.764526
2025-03-18T18:39:14+00:00,152,10.08,208.0,81,45.195678,5.764487
2025-03-18T18:39:15+00:00,152,10.584,208.0,81,45.195671,5.764446
2025-03-18T18:39:16+00:00,152,10.872,208.0,81,45.195666,5.764408
2025-03-18T18:39:17+00:00,152,10.944,207.8,81,45.195659,5.764373
2025-03-18T18:39:18+00:00,152,11.448,207.8,81,45.195651,5.764334
2025-03-18T18:39:19+00:00,152,11.808,207.6,81,45.195646,5.764289
2025-03-18T18:39:20+00:00,152,11.088000000000001,207.4,81,45.195639,5.764258
2025-03-18T18:39:21+00:00,152,11.232000000000001,207.4,81,45.195635,5.76422
2025-03-18T18:39:22+00:00,151,11.304,207.4,81,45.195629,5.764183
2025-03-18T18:39:23+00:00,151,10.8,207.4,80,45.195623,5.764149
2025-03-18T18:39:24+00:00,152,10.512,207.4,80,45.195618,5.764111
2025-03-18T18:39:25+00:00,151,10.44,207.4,81,45.195617,5.764076
2025-03-18T18:39:26+00:00,151,9.936,207.4,81,45.195611,5.764045
2025-03-18T18:39:27+00:00,151,9.864,207.4,81,45.195608,5.764008
2025-03-18T18:39:28+00:00,150,9.936,207.4,81,45.195603,5.763969
2025-03-18T18:39:29+00:00,150,10.008,207.2,80,45.195597,5.763935
2025-03-18T18:39:30+00:00,150,10.584,207.2,80,45.195589,5.76389
2025-03-18T18:39:31+00:00,150,10.656,207.2,80,45.195586,5.763858
2025-03-18T18:39:32+00:00,150,11.304,207.2,80,45.195573,5.763821
2025-03-18T18:39:33+00:00,150,11.376000000000001,207.2,81,45.195566,5.763784
2025-03-18T18:39:34+00:00,149,10.944,207.2,81,45.195563,5.763755
2025-03-18T18:39:35+00:00,150,10.584,207.2,81,45.195555,5.763725
2025-03-18T18:39:36+00:00,150,10.296,207.2,81,45.195549,5.763692
2025-03-18T18:39:37+00:00,149,9.216000000000001,207.2,81,45.195545,5.763663
2025-03-18T18:39:38+00:00,149,9.504000000000001,207.2,81,45.195541,5.763612
2025-03-18T18:39:39+00:00,149,10.224,207.2,81,45.19554,5.763569
2025-03-18T18:39:40+00:00,149,10.656,207.2,81,45.195527,5.763531
2025-03-18T18:39:41+00:00,149,11.664000000000001,207.4,81,45.195523,5.763487
2025-03-18T18:39:42+00:00,150,12.096,207.4,81,45.195524,5.763451
2025-03-18T18:39:43+00:00,150,11.735999999999999,207.4,82,45.195518,5.76342
2025-03-18T18:39:44+00:00,150,11.088000000000001,207.4,82,45.195514,5.763382
2025-03-18T18:39:45+00:00,150,10.224,207.6,82,45.195515,5.763352
2025-03-18T18:39:46+00:00,149,9.792000000000002,207.6,82,45.195509,5.763317
2025-03-18T18:39:47+00:00,149,9.792000000000002,207.6,81,45.195507,5.763277
2025-03-18T18:39:48+00:00,149,9.576,207.6,81,45.195497,5.763247
2025-03-18T18:39:49+00:00,149,10.08,207.6,81,45.195486,5.763208
2025-03-18T18:39:50+00:00,149,10.44,207.6,82,45.195484,5.763173
2025-03-18T18:39:51+00:00,149,10.368,207.8,82,45.195478,5.763138
2025-03-18T18:39:52+00:00,149,10.8,207.8,82,45.195475,5.763094
2025-03-18T18:39:53+00:00,149,10.656,207.8,82,45.195476,5.763062
2025-03-18T18:39:54+00:00,149,10.368,207.8,82,45.19547,5.763025
2025-03-18T18:39:55+00:00,149,10.584,207.6,82,45.195466,5.762984
2025-03-18T18:39:56+00:00,149,10.872,207.6,82,45.195459,5.762947
2025-03-18T18:39:57+00:00,149,11.232000000000001,207.6,82,45.195449,5.762903
2025-03-18T18:39:58+00:00,149,11.808,207.6,82,45.195445,5.762865
2025-03-18T18:39:59+00:00,150,11.520000000000001,207.8,82,45.195437,5.762836
2025-03-18T18:40:00+00:00,149,11.304,207.8,82,45.195434,5.762795
2025-03-18T18:40:01+00:00,149,10.872,208.0,82,45.195434,5.762761
2025-03-18T18:40:02+00:00,149,10.08,208.0,82,45.195433,5.762725
2025-03-18T18:40:03+00:00,149,10.296,208.0,81,45.195433,5.762681
2025-03-18T18:40:04+00:00,149,10.584,208.0,81,45.195431,5.762646
2025-03-18T18:40:05+00:00,149,10.44,208.0,81,45.195431,5.762613
2025-03-18T18:40:06+00:00,149,10.656,208.0,81,45.19543,5.762573
2025-03-18T18:40:07+00:00,149,10.728,208.0,81,45.195429,5.76254
2025-03-18T18:40:08+00:00,149,10.224,208.0,81,45.195425,5.7625
2025-03-18T18:40:09+00:00,149,10.08,208.0,81,45.195423,5.762463
2025-03-18T18:40:10+00:00,149,10.368,208.0,81,45.19542,5.762427
2025-03-18T18:40:11+00:00,149,10.584,208.0,81,45.195423,5.762381
2025-03-18T18:40:12+00:00,150,10.8,208.0,82,45.195424,5.762344
2025-03-18T18:40:13+00:00,149,11.088000000000001,208.0,82,45.195419,5.762307
2025-03-18T18:40:14+00:00,149,11.232000000000001,208.0,82,45.195422,5.762267
2025-03-18T18:40:15+00:00,149,10.944,208.2,82,45.195421,5.76224
2025-03-18T18:40:16+00:00,149,10.512,208.2,82,45.195422,5.7622
2025-03-18T18:40:17+00:00,149,10.512,208.2,82,45.195427,5.762161
2025-03-18T18:40:18+00:00,149,10.224,208.2,82,45.195427,5.762126
2025-03-18T18:40:19+00:00,149,10.512,208.4,82,45.195434,5.762078
2025-03-18T18:40:20+00:00,149,10.944,208.4,82,45.195437,5.762041
2025-03-18T18:40:21+00:00,150,11.448,208.4,82,45.195442,5.762
2025-03-18T18:40:22+00:00,149,11.520000000000001,208.4,82,45.195449,5.761958
2025-03-18T18:40:23+00:00,150,11.735999999999999,208.4,83,45.195448,5.761923
2025-03-18T18:40:24+00:00,150,11.592,208.4,83,45.195453,5.761876
2025-03-18T18:40:25+00:00,151,11.735999999999999,208.4,83,45.195461,5.761838
2025-03-18T18:40:26+00:00,151,11.304,208.4,83,45.195463,5.761807
2025-03-18T18:40:27+00:00,152,11.088000000000001,208.4,83,45.195465,5.761764
2025-03-18T18:40:28+00:00,152,11.088000000000001,208.4,82,45.195469,5.761726
2025-03-18T18:40:29+00:00,152,11.088000000000001,208.4,82,45.195468,5.761689
2025-03-18T18:40:30+00:00,152,10.944,208.4,81,45.195471,5.761649
2025-03-18T18:40:31+00:00,153,10.44,208.2,81,45.19547,5.761623
2025-03-18T18:40:32+00:00,153,10.44,208.2,82,45.195471,5.761582
2025-03-18T18:40:33+00:00,152,10.44,208.2,82,45.195477,5.761545
2025-03-18T18:40:34+00:00,152,10.008,208.0,82,45.195475,5.761511
2025-03-18T18:40:35+00:00,152,10.008,208.0,82,45.19548,5.761468
2025-03-18T18:40:36+00:00,152,10.584,208.0,82,45.195485,5.761433
2025-03-18T18:40:37+00:00,152,10.512,208.0,83,45.195488,5.761397
2025-03-18T18:40:38+00:00,151,10.584,208.0,83,45.195491,5.761358
2025-03-18T18:40:39+00:00,151,10.152,208.0,82,45.195489,5.761329
2025-03-18T18:40:40+00:00,150,10.008,208.0,82,45.195489,5.761288
2025-03-18T18:40:41+00:00,149,10.44,208.0,82,45.195498,5.761246
2025-03-18T18:40:42+00:00,149,10.584,208.0,81,45.195497,5.761214
2025-03-18T18:40:43+00:00,149,10.44,207.8,81,45.195497,5.761172
2025-03-18T18:40:44+00:00,149,10.944,207.8,81,45.195503,5.761135
2025-03-18T18:40:45+00:00,149,10.872,207.8,81,45.195505,5.761104
2025-03-18T18:40:46+00:00,149,10.728,207.8,81,45.195512,5.761059
2025-03-18T18:40:47+00:00,148,10.656,207.8,81,45.195513,5.761024
2025-03-18T18:40:48+00:00,148,10.656,207.8,81,45.195514,5.760987
2025-03-18T18:40:49+00:00,148,10.872,207.6,82,45.195522,5.760947
2025-03-18T18:40:50+00:00,148,10.656,207.6,81,45.195524,5.760916
2025-03-18T18:40:51+00:00,147,10.368,207.6,82,45.195526,5.760875
2025-03-18T18:40:52+00:00,148,10.656,207.4,82,45.195533,5.760834
2025-03-18T18:40:53+00:00,148,10.584,207.4,82,45.195533,5.760803
2025-03-18T18:40:54+00:00,147,10.8,207.2,82,45.195535,5.760758
2025-03-18T18:40:55+00:00,148,10.944,207.2,82,45.19554,5.760725
2025-03-18T18:40:56+00:00,148,11.016,207.2,82,45.195542,5.760688
2025-03-18T18:40:57+00:00,147,10.944,207.2,82,45.19555,5.760646
2025-03-18T18:40:58+00:00,148,10.944,207.2,82,45.195556,5.760615
2025-03-18T18:40:59+00:00,148,10.512,207.2,82,45.195561,5.760579
2025-03-18T18:41:00+00:00,148,10.656,207.0,81,45.195571,5.760543
2025-03-18T18:41:01+00:00,147,10.368,207.0,81,45.195576,5.76051
2025-03-18T18:41:02+00:00,148,10.44,207.0,82,45.19558,5.760468
2025-03-18T18:41:03+00:00,148,10.008,207.0,82,45.195586,5.76044
2025-03-18T18:41:04+00:00,147,10.008,207.0,82,45.195591,5.760406
2025-03-18T18:41:05+00:00,148,9.936,207.0,82,45.195603,5.760371
2025-03-18T18:41:06+00:00,148,9.864,207.0,82,45.195604,5.760343
2025-03-18T18:41:07+00:00,147,9.432,207.0,83,45.195611,5.760307
2025-03-18T18:41:08+00:00,148,9.936,207.0,83,45.19562,5.76027
2025-03-18T18:41:09+00:00,148,9.936,207.0,82,45.195625,5.760238
2025-03-18T18:41:10+00:00,147,10.008,206.8,82,45.195632,5.760198
2025-03-18T18:41:11+00:00,148,10.512,206.8,82,45.195644,5.760163
2025-03-18T18:41:12+00:00,148,10.368,206.8,81,45.195647,5.760134
2025-03-18T18:41:13+00:00,148,10.512,206.8,81,45.195654,5.760091
2025-03-18T18:41:14+00:00,147,10.512,206.8,82,45.19566,5.760058
2025-03-18T18:41:15+00:00,148,10.44,206.8,82,45.195663,5.760023
2025-03-18T18:41:16+00:00,148,10.224,206.6,82,45.195675,5.759986
2025-03-18T18:41:17+00:00,148,10.224,206.6,81,45.195681,5.759956
2025-03-18T18:41:18+00:00,148,10.224,206.6,80,45.195688,5.759915
2025-03-18T18:41:19+00:00,148,10.512,206.6,80,45.1957,5.759878
2025-03-18T18:41:20+00:00,147,10.512,206.6,80,45.195702,5.759843
2025-03-18T18:41:21+00:00,148,10.512,206.6,81,45.195706,5.759807
2025-03-18T18:41:22+00:00,148,10.872,206.6,81,45.195715,5.759771
2025-03-18T18:41:23+00:00,147,10.584,206.6,81,45.195722,5.759737
2025-03-18T18:41:24+00:00,148,10.368,206.4,80,45.195729,5.7597
2025-03-18T18:41:25+00:00,148,10.224,206.4,80,45.195732,5.759666
2025-03-18T18:41:26+00:00,149,10.368,206.4,81,45.195737,5.759627
2025-03-18T18:41:27+00:00,149,10.296,206.4,81,45.195746,5.759593
2025-03-18T18:41:28+00:00,149,10.368,206.2,83,45.195751,5.759558
2025-03-18T18:41:29+00:00,149,10.44,206.2,84,45.195761,5.75952
2025-03-18T18:41:30+00:00,149,10.8,206.2,84,45.195773,5.759486
2025-03-18T18:41:31+00:00,150,10.44,206.2,84,45.195776,5.759456
2025-03-18T18:41:32+00:00,150,10.296,206.2,83,45.195783,5.759417
2025-03-18T18:41:33+00:00,150,10.152,206.2,82,45.195788,5.759386
2025-03-18T18:41:34+00:00,151,10.224,206.0,82,45.195794,5.759347
2025-03-18T18:41:35+00:00,151,10.368,206.0,82,45.195806,5.759308
2025-03-18T18:41:36+00:00,152,10.224,206.0,81,45.195809,5.759279
2025-03-18T18:41:37+00:00,152,10.44,206.0,81,45.195818,5.759237
2025-03-18T18:41:38+00:00,152,10.872,206.0,82,45.195828,5.759203
2025-03-18T18:41:39+00:00,152,10.728,205.8,82,45.195836,5.75917
2025-03-18T18:41:40+00:00,152,10.296,205.8,82,45.195848,5.759134
2025-03-18T18:41:41+00:00,152,10.584,205.8,82,45.195861,5.759106
2025-03-18T18:41:42+00:00,151,10.368,205.8,82,45.195865,5.759069
2025-03-18T18:41:43+00:00,151,10.152,205.8,82,45.195875,5.75903
2025-03-18T18:41:44+00:00,151,10.296,205.8,82,45.195878,5.758994
2025-03-18T18:41:45+00:00,151,10.8,205.8,82,45.195884,5.758953
2025-03-18T18:41:46+00:00,151,10.656,205.8,82,45.195891,5.75892
2025-03-18T18:41:47+00:00,150,10.728,206.0,82,45.195896,5.758886
2025-03-18T18:41:48+00:00,150,11.088000000000001,206.0,82,45.195906,5.758844
2025-03-18T18:41:49+00:00,150,11.016,206.2,82,45.195916,5.758813
2025-03-18T18:41:50+00:00,150,10.512,206.2,82,45.195923,5.758778
2025-03-18T18:41:51+00:00,150,10.584,206.2,82,45.195931,5.758741
2025-03-18T18:41:52+00:00,150,10.656,206.2,82,45.195934,5.758704
2025-03-18T18:41:53+00:00,150,10.872,206.2,82,45.195945,5.758657
2025-03-18T18:41:54+00:00,150,10.944,206.2,83,45.195955,5.758624
2025-03-18T18:41:55+00:00,150,11.376000000000001,206.2,83,45.19596,5.758586
2025-03-18T18:41:56+00:00,150,11.592,206.4,83,45.195969,5.758549
2025-03-18T18:41:57+00:00,150,11.520000000000001,206.4,83,45.195979,5.758516
2025-03-18T18:41:58+00:00,150,10.944,206.4,82,45.195988,5.75848
2025-03-18T18:41:59+00:00,150,10.872,206.4,82,45.196,5.758446
2025-03-18T18:42:00+00:00,150,10.224,206.2,81,45.196006,5.758417
2025-03-18T18:42:01+00:00,150,10.296,206.2,81,45.19602,5.758376
2025-03-18T18:42:02+00:00,150,10.512,206.2,82,45.196033,5.758343
2025-03-18T18:42:03+00:00,150,10.44,206.2,83,45.196043,5.758312
2025-03-18T18:42:04+00:00,149,10.512,206.2,83,45.196059,5.758276
2025-03-18T18:42:05+00:00,150,10.944,206.4,82,45.196073,5.758244
2025-03-18T18:42:06+00:00,150,10.872,206.4,82,45.196088,5.75821
2025-03-18T18:42:07+00:00,150,11.088000000000001,206.4,82,45.196108,5.758176
2025-03-18T18:42:08+00:00,151,11.304,206.4,82,45.196118,5.758145
2025-03-18T18:42:09+00:00,151,11.448,206.4,82,45.196133,5.758103
2025-03-18T18:42:10+00:00,151,11.592,206.6,82,45.196149,5.758074
2025-03-18T18:42:11+00:00,151,11.304,206.6,82,45.196159,5.758044
2025-03-18T18:42:12+00:00,150,11.232000000000001,206.6,82,45.196181,5.75801
2025-03-18T18:42:13+00:00,151,11.304,206.6,82,45.1962,5.757979
2025-03-18T18:42:14+00:00,151,11.016,206.6,82,45.196213,5.757948
2025-03-18T18:42:15+00:00,150,11.16,206.6,82,45.196234,5.757915
2025-03-18T18:42:16+00:00,151,11.232000000000001,206.8,82,45.196249,5.75789
2025-03-18T18:42:17+00:00,151,11.016,206.8,82,45.196262,5.757856
2025-03-18T18:42:18+00:00,150,10.872,206.8,82,45.196281,5.757828
2025-03-18T18:42:19+00:00,151,10.656,206.8,82,45.196291,5.757801
2025-03-18T18:42:20+00:00,150,10.08,206.8,82,45.19631,5.75777
2025-03-18T18:42:21+00:00,150,10.224,206.8,82,45.196326,5.757742
2025-03-18T18:42:22+00:00,150,10.152,206.8,82,45.19634,5.757712
2025-03-18T18:42:23+00:00,150,10.368,207.0,82,45.196364,5.757682
2025-03-18T18:42:24+00:00,150,10.584,207.0,82,45.196378,5.757652
2025-03-18T18:42:25+00:00,149,10.872,207.0,82,45.196393,5.757623
2025-03-18T18:42:26+00:00,149,10.944,207.0,82,45.196413,5.757596
2025-03-18T18:42:27+00:00,149,10.872,207.2,82,45.196424,5.757568
2025-03-18T18:42:28+00:00,149,10.584,207.2,82,45.196441,5.757532
2025-03-18T18:42:29+00:00,150,10.8,207.2,82,45.196458,5.757503
2025-03-18T18:42:30+00:00,150,10.512,207.2,82,45.19647,5.757479
2025-03-18T18:42:31+00:00,150,10.512,207.2,81,45.196489,5.757448
2025-03-18T18:42:32+00:00,150,10.296,207.2,81,45.1965,5.757422
2025-03-18T18:42:33+00:00,150,9.864,207.0,81,45.196515,5.757396
2025-03-18T18:42:34+00:00,150,9.936,207.0,82,45.196538,5.757366
2025-03-18T18:42:35+00:00,151,9.864,207.0,82,45.196547,5.757341
2025-03-18T18:42:36+00:00,150,9.936,207.0,83,45.196567,5.757308
2025-03-18T18:42:37+00:00,150,9.792000000000002,207.0,83,45.196581,5.757287
2025-03-18T18:42:38+00:00,151,10.296,207.2,83,45.196596,5.757258
2025-03-18T18:42:39+00:00,150,10.08,207.2,83,45.196613,5.757227
2025-03-18T18:42:40+00:00,150,9.792000000000002,207.2,83,45.196622,5.757203
2025-03-18T18:42:41+00:00,150,9.792000000000002,207.2,83,45.196639,5.757166
2025-03-18T18:42:42+00:00,150,10.584,207.2,83,45.196656,5.757129
2025-03-18T18:42:43+00:00,150,10.728,207.2,83,45.196669,5.757097
2025-03-18T18:42:44+00:00,150,11.16,207.2,83,45.196687,5.75706
2025-03-18T18:42:45+00:00,150,11.520000000000001,207.2,83,45.196704,5.757036
2025-03-18T18:42:46+00:00,150,11.520000000000001,207.2,83,45.196717,5.757003
2025-03-18T18:42:47+00:00,150,11.16,207.2,82,45.196733,5.756971
2025-03-18T18:42:48+00:00,150,10.872,207.4,82,45.19675,5.756945
2025-03-18T18:42:49+00:00,150,10.656,207.4,82,45.196766,5.756917
2025-03-18T18:42:50+00:00,150,10.872,207.4,82,45.196777,5.756887
2025-03-18T18:42:51+00:00,150,10.8,207.6,82,45.196793,5.756853
2025-03-18T18:42:52+00:00,150,11.016,207.6,82,45.196807,5.756819
2025-03-18T18:42:53+00:00,151,11.088000000000001,207.6,82,45.196815,5.756783
2025-03-18T18:42:54+00:00,151,11.232000000000001,207.6,82,45.196817,5.75674
2025-03-18T18:42:55+00:00,151,11.520000000000001,207.8,82,45.196821,5.756697
2025-03-18T18:42:56+00:00,151,11.448,207.8,81,45.196832,5.756663
2025-03-18T18:42:57+00:00,150,11.232000000000001,207.8,81,45.196834,5.756628
2025-03-18T18:42:58+00:00,151,11.304,207.8,81,45.196838,5.756587
2025-03-18T18:42:59+00:00,151,10.584,208.0,81,45.196845,5.756557
2025-03-18T18:43:00+00:00,151,10.224,208.0,81,45.196852,5.75652
2025-03-18T18:43:01+00:00,150,10.44,208.0,81,45.19686,5.756481
2025-03-18T18:43:02+00:00,151,10.512,208.2,81,45.196871,5.756448
2025-03-18T18:43:03+00:00,150,10.8,208.2,81,45.196876,5.756403
2025-03-18T18:43:04+00:00,150,11.088000000000001,208.2,81,45.196883,5.756366
2025-03-18T18:43:05+00:00,151,11.088000000000001,208.4,81,45.196879,5.756332
2025-03-18T18:43:06+00:00,151,11.016,208.4,82,45.196883,5.756288
2025-03-18T18:43:07+00:00,151,11.088000000000001,208.4,82,45.196888,5.756254
2025-03-18T18:43:08+00:00,151,10.872,208.4,81,45.196883,5.756217
2025-03-18T18:43:09+00:00,151,10.872,208.4,81,45.196883,5.756179
2025-03-18T18:43:10+00:00,151,10.44,208.4,81,45.196887,5.756153
2025-03-18T18:43:11+00:00,152,10.296,208.4,81,45.196884,5.756114
2025-03-18T18:43:12+00:00,152,10.08,208.4,81,45.196882,5.756075
2025-03-18T18:43:13+00:00,152,9.576,208.4,81,45.19688,5.756045
2025-03-18T18:43:14+00:00,152,9.648000000000001,208.4,81,45.19688,5.756011
2025-03-18T18:43:15+00:00,152,10.008,208.4,81,45.196888,5.755975
2025-03-18T18:43:16+00:00,152,9.504000000000001,208.4,81,45.196883,5.755948
2025-03-18T18:43:17+00:00,152,10.08,208.2,81,45.196881,5.755903
2025-03-18T18:43:18+00:00,151,10.296,208.2,81,45.196884,5.755865
2025-03-18T18:43:19+00:00,150,10.152,208.2,81,45.196884,5.755832
2025-03-18T18:43:20+00:00,150,10.224,208.2,81,45.196879,5.755788
2025-03-18T18:43:21+00:00,150,10.872,208.2,81,45.196876,5.755755
2025-03-18T18:43:22+00:00,150,10.512,208.0,81,45.196869,5.75572
2025-03-18T18:43:23+00:00,150,10.368,208.0,81,45.19687,5.755683
2025-03-18T18:43:24+00:00,150,10.152,208.0,81,45.196867,5.755654
2025-03-18T18:43:25+00:00,151,10.152,207.8,81,45.196858,5.755619
2025-03-18T18:43:26+00:00,151,10.08,207.8,81,45.196855,5.755578
2025-03-18T18:43:27+00:00,150,9.864,207.6,81,45.196855,5.755547
2025-03-18T18:43:28+00:00,150,10.152,207.6,80,45.196855,5.755509
2025-03-18T18:43:29+00:00,150,10.44,207.4,80,45.196851,5.75547
2025-03-18T18:43:30+00:00,150,10.512,207.4,81,45.196852,5.755434
2025-03-18T18:43:31+00:00,150,10.44,207.4,81,45.196851,5.755396
2025-03-18T18:43:32+00:00,150,10.728,207.4,81,45.196848,5.755358
2025-03-18T18:43:33+00:00,149,10.368,207.4,81,45.196843,5.75533
2025-03-18T18:43:34+00:00,149,10.296,207.4,81,45.196838,5.755291
2025-03-18T18:43:35+00:00,150,10.08,207.4,81,45.196836,5.755254
2025-03-18T18:43:36+00:00,150,10.008,207.2,80,45.19682,5.755224
2025-03-18T18:43:37+00:00,150,10.08,207.2,80,45.196812,5.755179
2025-03-18T18:43:38+00:00,150,10.44,207.2,80,45.196806,5.755144
2025-03-18T18:43:39+00:00,151,10.728,207.2,81,45.19679,5.755112
2025-03-18T18:43:40+00:00,151,11.232000000000001,207.2,81,45.196776,5.755071
2025-03-18T18:43:41+00:00,150,11.16,207.2,81,45.19676,5.755041
2025-03-18T18:43:42+00:00,150,11.376000000000001,207.2,81,45.19674,5.755009
2025-03-18T18:43:43+00:00,150,11.735999999999999,207.2,81,45.196719,5.754975
2025-03-18T18:43:44+00:00,151,11.448,207.2,81,45.196702,5.754949
2025-03-18T18:43:45+00:00,151,11.664000000000001,207.0,81,45.196678,5.75492
2025-03-18T18:43:46+00:00,151,12.024,207.0,81,45.196657,5.754889
2025-03-18T18:43:47+00:00,151,11.448,207.0,80,45.196639,5.754871
2025-03-18T18:43:48+00:00,150,11.304,207.0,80,45.196615,5.754842
2025-03-18T18:43:49+00:00,151,11.448,207.0,80,45.196596,5.754817
2025-03-18T18:43:50+00:00,151,11.016,207.0,80,45.196575,5.754794
2025-03-18T18:43:51+00:00,150,11.376000000000001,207.0,81,45.196547,5.754767
2025-03-18T18:43:52+00:00,151,11.520000000000001,207.0,81,45.196523,5.754746
2025-03-18T18:43:53+00:00,151,11.232000000000001,207.0,81,45.196502,5.754733
2025-03-18T18:43:54+00:00,150,11.304,207.0,81,45.196475,5.754711
2025-03-18T18:43:55+00:00,151,11.376000000000001,207.0,81,45.196455,5.754687
2025-03-18T18:43:56+00:00,151,10.8,207.0,81,45.196432,5.75467
2025-03-18T18:43:57+00:00,151,10.944,207.0,81,45.196405,5.754645
2025-03-18T18:43:58+00:00,151,10.944,207.0,81,45.196382,5.754628
2025-03-18T18:43:59+00:00,152,10.584,206.8,80,45.19636,5.754628
2025-03-18T18:44:00+00:00,152,10.584,206.8,80,45.196327,5.754628
2025-03-18T18:44:01+00:00,152,10.656,206.8,80,45.196297,5.754624
2025-03-18T18:44:02+00:00,152,10.728,206.8,80,45.196271,5.754629
2025-03-18T18:44:03+00:00,152,10.728,206.6,80,45.196244,5.754632
2025-03-18T18:44:04+00:00,152,11.376000000000001,206.4,80,45.196212,5.754621
2025-03-18T18:44:05+00:00,152,11.448,206.0,78,45.196189,5.754615
2025-03-18T18:44:06+00:00,152,11.520000000000001,205.6,76,45.196165,5.754609
2025-03-18T18:44:07+00:00,152,11.088000000000001,205.4,76,45.196137,5.754601
2025-03-18T18:44:08+00:00,152,11.232000000000001,205.2,77,45.196109,5.754593
2025-03-18T18:44:09+00:00,152,10.872,205.0,79,45.196084,5.75459
2025-03-18T18:44:10+00:00,152,10.44,205.0,79,45.196056,5.754583
2025-03-18T18:44:11+00:00,152,10.44,204.8,79,45.196033,5.754582
2025-03-18T18:44:12+00:00,152,11.016,204.6,79,45.195997,5.754599
2025-03-18T18:44:13+00:00,152,10.584,204.6,79,45.195972,5.754612
2025-03-18T18:44:14+00:00,152,10.44,204.4,79,45.195951,5.754627
2025-03-18T18:44:15+00:00,152,10.944,204.4,79,45.195926,5.754651
2025-03-18T18:44:16+00:00,151,11.304,204.4,79,45.1959,5.754673
2025-03-18T18:44:17+00:00,151,10.872,204.4,80,45.19588,5.754688
2025-03-18T18:44:18+00:00,151,11.16,204.4,81,45.195854,5.754703
2025-03-18T18:44:19+00:00,151,11.376000000000001,204.6,81,45.195829,5.754719
2025-03-18T18:44:20+00:00,151,10.728,204.6,81,45.195813,5.754735
2025-03-18T18:44:21+00:00,151,10.224,204.6,81,45.195786,5.754751
2025-03-18T18:44:22+00:00,150,10.368,204.6,81,45.195764,5.754766
2025-03-18T18:44:23+00:00,150,10.08,204.6,81,45.195748,5.754782
2025-03-18T18:44:24+00:00,150,9.864,204.6,81,45.195722,5.754798
2025-03-18T18:44:25+00:00,150,10.008,204.6,80,45.195701,5.754814
2025-03-18T18:44:26+00:00,149,10.152,204.6,80,45.195679,5.754829
2025-03-18T18:44:27+00:00,149,10.08,204.4,81,45.195651,5.754843
2025-03-18T18:44:28+00:00,149,10.152,204.4,81,45.195631,5.754852
2025-03-18T18:44:29+00:00,149,10.008,204.4,81,45.195607,5.754868
2025-03-18T18:44:30+00:00,149,10.296,204.4,81,45.195578,5.75488
2025-03-18T18:44:31+00:00,149,9.936,204.4,81,45.19556,5.754894
2025-03-18T18:44:32+00:00,149,9.936,204.0,81,45.195533,5.754909
2025-03-18T18:44:33+00:00,149,10.368,204.0,81,45.195503,5.754924
2025-03-18T18:44:34+00:00,149,10.512,204.0,80,45.195484,5.754934
2025-03-18T18:44:35+00:00,149,10.656,204.0,81,45.195456,5.754953
2025-03-18T18:44:36+00:00,149,11.016,204.0,80,45.19543,5.754965
2025-03-18T18:44:37+00:00,149,11.016,203.8,81,45.195409,5.754981
2025-03-18T18:44:38+00:00,149,10.728,203.8,80,45.195384,5.754992
2025-03-18T18:44:39+00:00,149,10.944,203.8,81,45.195358,5.755007
2025-03-18T18:44:40+00:00,149,10.728,203.8,81,45.195338,5.755025
2025-03-18T18:44:41+00:00,149,10.512,203.8,81,45.19531,5.755034
2025-03-18T18:44:42+00:00,149,10.512,203.8,81,45.195285,5.755049
2025-03-18T18:44:43+00:00,149,10.656,203.8,81,45.195261,5.755067
2025-03-18T18:44:44+00:00,150,10.8,203.6,81,45.19523,5.755078
2025-03-18T18:44:45+00:00,151,10.656,203.6,80,45.19521,5.755089
2025-03-18T18:44:46+00:00,151,11.016,203.6,80,45.195184,5.755109
2025-03-18T18:44:47+00:00,151,11.088000000000001,203.6,80,45.195156,5.755118
2025-03-18T18:44:48+00:00,151,10.944,203.6,81,45.195132,5.755134
2025-03-18T18:44:49+00:00,151,10.872,203.4,81,45.195107,5.755151
2025-03-18T18:44:50+00:00,151,11.16,203.4,81,45.195079,5.755163
2025-03-18T18:44:51+00:00,151,10.584,203.4,81,45.195058,5.755172
2025-03-18T18:44:52+00:00,152,10.8,203.4,81,45.195033,5.755201
2025-03-18T18:44:53+00:00,151,11.16,203.4,80,45.195005,5.755219
2025-03-18T18:44:54+00:00,151,10.872,203.4,80,45.194985,5.755233
2025-03-18T18:44:55+00:00,152,10.656,203.4,80,45.194962,5.755248
2025-03-18T18:44:56+00:00,152,11.016,203.4,79,45.194936,5.755259
2025-03-18T18:44:57+00:00,152,10.656,203.4,79,45.194916,5.755284
2025-03-18T18:44:58+00:00,152,10.368,203.4,80,45.194889,5.755299
2025-03-18T18:44:59+00:00,152,10.584,203.4,80,45.194861,5.755309
2025-03-18T18:45:00+00:00,152,10.368,203.4,81,45.194841,5.755322
2025-03-18T18:45:01+00:00,153,10.512,203.4,81,45.194811,5.755337
2025-03-18T18:45:02+00:00,153,10.44,203.4,81,45.194787,5.755345
2025-03-18T18:45:03+00:00,153,10.728,203.2,81,45.194759,5.755362
2025-03-18T18:45:04+00:00,154,11.088000000000001,203.2,81,45.194726,5.755379
2025-03-18T18:45:05+00:00,154,11.520000000000001,203.2,81,45.194706,5.755397
2025-03-18T18:45:06+00:00,155,11.592,203.2,81,45.194679,5.755416
2025-03-18T18:45:07+00:00,155,12.024,203.2,81,45.194651,5.755427
2025-03-18T18:45:08+00:00,156,11.592,203.2,81,45.194631,5.755439
2025-03-18T18:45:09+00:00,156,11.232000000000001,203.2,81,45.194604,5.755455
2025-03-18T18:45:10+00:00,157,11.088000000000001,203.2,80,45.194578,5.755468
2025-03-18T18:45:11+00:00,157,10.656,203.2,80,45.194558,5.755486
2025-03-18T18:45:12+00:00,157,10.44,203.2,80,45.194529,5.755501
2025-03-18T18:45:13+00:00,158,10.872,203.0,81,45.194502,5.755516
2025-03-18T18:45:14+00:00,158,10.8,203.0,81,45.19448,5.755533
2025-03-18T18:45:15+00:00,158,11.232000000000001,203.0,82,45.194448,5.755544
2025-03-18T18:45:16+00:00,159,11.520000000000001,203.0,82,45.194423,5.755559
2025-03-18T18:45:17+00:00,159,11.448,203.0,82,45.194398,5.755574
2025-03-18T18:45:18+00:00,159,11.664000000000001,203.0,81,45.194367,5.755588
2025-03-18T18:45:19+00:00,160,11.879999999999999,202.8,81,45.194344,5.755606
2025-03-18T18:45:20+00:00,160,11.448,202.8,81,45.194318,5.755618
2025-03-18T18:45:21+00:00,160,11.088000000000001,202.8,81,45.194295,5.755626
2025-03-18T18:45:22+00:00,159,11.016,202.8,81,45.194271,5.75564
2025-03-18T18:45:23+00:00,160,10.8,202.8,82,45.194242,5.755651
2025-03-18T18:45:24+00:00,160,10.512,202.8,82,45.194218,5.755658
2025-03-18T18:45:25+00:00,159,10.152,202.8,82,45.194196,5.755674
2025-03-18T18:45:26+00:00,160,10.8,202.8,82,45.194164,5.755689
2025-03-18T18:45:27+00:00,160,10.8,202.8,81,45.194145,5.755708
2025-03-18T18:45:28+00:00,159,10.656,202.8,81,45.194121,5.755722
2025-03-18T18:45:29+00:00,159,10.584,202.8,81,45.194093,5.755732
2025-03-18T18:45:30+00:00,159,10.728,202.8,82,45.194074,5.755745
2025-03-18T18:45:31+00:00,158,10.44,202.6,82,45.194047,5.755761
2025-03-18T18:45:32+00:00,158,10.584,202.6,81,45.19402,5.755769
2025-03-18T18:45:33+00:00,158,9.864,202.6,81,45.194005,5.755783
2025-03-18T18:45:34+00:00,158,10.224,202.6,81,45.193974,5.755802
2025-03-18T18:45:35+00:00,158,10.656,202.6,81,45.193946,5.755815
2025-03-18T18:45:36+00:00,158,10.512,202.4,81,45.193925,5.755833
2025-03-18T18:45:37+00:00,158,10.656,202.4,81,45.193894,5.75585
2025-03-18T18:45:38+00:00,157,11.592,202.4,80,45.193866,5.755862
2025-03-18T18:45:39+00:00,156,11.592,202.4,80,45.193842,5.755878
2025-03-18T18:45:40+00:00,155,11.735999999999999,202.2,80,45.193811,5.755891
2025-03-18T18:45:41+00:00,155,11.592,202.2,81,45.193788,5.755904
2025-03-18T18:45:42+00:00,154,11.304,202.0,81,45.193766,5.755921
2025-03-18T18:45:43+00:00,154,11.304,201.8,81,45.193733,5.755933
2025-03-18T18:45:44+00:00,154,11.232000000000001,201.8,81,45.193708,5.755944
2025-03-18T18:45:45+00:00,153,10.944,201.8,81,45.193684,5.755962
2025-03-18T18:45:46+00:00,152,11.232000000000001,201.6,80,45.19366,5.755976
2025-03-18T18:45:47+00:00,151,11.016,201.4,80,45.193639,5.755995
2025-03-18T18:45:48+00:00,151,10.728,201.4,80,45.193613,5.756015
2025-03-18T18:45:49+00:00,150,10.728,201.4,81,45.193587,5.756027
2025-03-18T18:45:50+00:00,150,10.44,201.2,81,45.193567,5.756044
2025-03-18T18:45:51+00:00,150,10.08,201.2,81,45.193545,5.756059
2025-03-18T18:45:52+00:00,150,10.152,201.2,81,45.19352,5.756071
2025-03-18T18:45:53+00:00,150,10.44,201.2,81,45.193496,5.75609
2025-03-18T18:45:54+00:00,150,10.728,201.2,80,45.193463,5.756108
2025-03-18T18:45:55+00:00,150,11.016,201.0,80,45.193443,5.756126
2025-03-18T18:45:56+00:00,149,11.376000000000001,201.0,82,45.193418,5.756149
2025-03-18T18:45:57+00:00,149,11.520000000000001,201.0,82,45.193392,5.756162
2025-03-18T18:45:58+00:00,149,11.376000000000001,201.0,82,45.193368,5.75618
2025-03-18T18:45:59+00:00,150,11.016,201.0,81,45.193345,5.756203
2025-03-18T18:46:00+00:00,150,11.232000000000001,200.8,81,45.193318,5.75622
2025-03-18T18:46:01+00:00,151,11.16,200.8,81,45.193296,5.756238
2025-03-18T18:46:02+00:00,151,11.520000000000001,200.8,82,45.193268,5.756257
2025-03-18T18:46:03+00:00,151,11.088000000000001,200.8,82,45.193249,5.756274
2025-03-18T18:46:04+00:00,151,10.872,200.8,82,45.193229,5.756294
2025-03-18T18:46:05+00:00,151,10.44,200.8,83,45.193207,5.756313
2025-03-18T18:46:06+00:00,151,10.224,200.8,83,45.19319,5.756332
2025-03-18T18:46:07+00:00,152,9.792000000000002,200.8,83,45.193167,5.75635
2025-03-18T18:46:08+00:00,152,9.792000000000002,200.8,82,45.193148,5.75637
2025-03-18T18:46:09+00:00,153,9.216000000000001,200.8,82,45.193131,5.756393
2025-03-18T18:46:10+00:00,154,9.792000000000002,200.6,82,45.193104,5.756418
2025-03-18T18:46:11+00:00,154,10.296,200.6,82,45.193082,5.756445
2025-03-18T18:46:12+00:00,154,10.584,200.6,83,45.193058,5.756465
2025-03-18T18:46:13+00:00,155,11.088000000000001,200.6,84,45.193031,5.756487
2025-03-18T18:46:14+00:00,155,11.952,200.6,84,45.193012,5.756512
2025-03-18T18:46:15+00:00,155,11.952,200.6,84,45.192987,5.75654
2025-03-18T18:46:16+00:00,155,11.592,200.6,84,45.192969,5.75656
2025-03-18T18:46:17+00:00,155,11.304,200.6,83,45.19295,5.756586
2025-03-18T18:46:18+00:00,155,10.944,200.6,82,45.19293,5.756609
2025-03-18T18:46:19+00:00,155,10.296,200.6,82,45.19292,5.756635
2025-03-18T18:46:20+00:00,155,10.224,200.6,82,45.192896,5.756667
2025-03-18T18:46:21+00:00,155,10.368,200.6,82,45.192875,5.756691
2025-03-18T18:46:22+00:00,156,10.872,200.4,82,45.192855,5.756721
2025-03-18T18:46:23+00:00,155,11.520000000000001,200.4,83,45.192831,5.756753
2025-03-18T18:46:24+00:00,155,12.168,200.4,83,45.192808,5.756775
2025-03-18T18:46:25+00:00,155,11.952,200.4,83,45.192788,5.756805
2025-03-18T18:46:26+00:00,155,11.808,200.4,82,45.192768,5.756831
2025-03-18T18:46:27+00:00,155,11.088000000000001,200.4,82,45.192755,5.756857
2025-03-18T18:46:28+00:00,155,10.656,200.6,82,45.192736,5.756883
2025-03-18T18:46:29+00:00,154,10.656,200.6,82,45.192712,5.756905
2025-03-18T18:46:30+00:00,154,10.368,200.6,82,45.192697,5.75693
2025-03-18T18:46:31+00:00,153,10.728,200.6,82,45.192674,5.756962
2025-03-18T18:46:32+00:00,152,11.232000000000001,200.6,82,45.192656,5.756985
2025-03-18T18:46:33+00:00,151,10.8,200.6,82,45.192646,5.757014
2025-03-18T18:46:34+00:00,150,10.8,200.6,82,45.192637,5.757055
2025-03-18T18:46:35+00:00,150,11.088000000000001,200.4,81,45.192635,5.757088
2025-03-18T18:46:36+00:00,149,10.8,200.4,81,45.192639,5.757126
2025-03-18T18:46:37+00:00,149,10.872,200.4,81,45.19264,5.757169
2025-03-18T18:46:38+00:00,149,11.088000000000001,200.4,80,45.192638,5.757201
2025-03-18T18:46:39+00:00,149,10.368,200.4,80,45.192628,5.757231
2025-03-18T18:46:40+00:00,149,9.864,200.4,80,45.192613,5.757261
2025-03-18T18:46:41+00:00,149,9.504000000000001,200.4,80,45.192605,5.757289
2025-03-18T18:46:42+00:00,149,9.072000000000001,200.4,80,45.192593,5.757322
2025-03-18T18:46:43+00:00,149,8.856,200.4,82,45.192581,5.757352
2025-03-18T18:46:44+00:00,149,9.288,200.4,82,45.192567,5.75738
2025-03-18T18:46:45+00:00,149,9.864,200.4,82,45.192547,5.757411
2025-03-18T18:46:46+00:00,149,9.936,200.4,82,45.192529,5.757428
2025-03-18T18:46:47+00:00,149,9.648000000000001,200.4,82,45.192525,5.757459
2025-03-18T18:46:48+00:00,149,9.864,200.4,81,45.192514,5.757498
2025-03-18T18:46:49+00:00,149,9.936,200.4,80,45.192513,5.757536
2025-03-18T18:46:50+00:00,149,10.368,200.4,80,45.192505,5.757581
2025-03-18T18:46:51+00:00,150,11.16,200.4,80,45.192497,5.75762
2025-03-18T18:46:52+00:00,149,11.520000000000001,200.4,80,45.192495,5.757653
2025-03-18T18:46:53+00:00,150,11.448,200.4,80,45.1925,5.757689
2025-03-18T18:46:54+00:00,150,11.448,200.4,81,45.192501,5.757726
2025-03-18T18:46:55+00:00,150,11.016,200.6,82,45.192501,5.757761
2025-03-18T18:46:56+00:00,150,10.728,200.6,82,45.192488,5.757803
2025-03-18T18:46:57+00:00,151,10.44,200.6,82,45.192478,5.757829
2025-03-18T18:46:58+00:00,151,10.656,200.6,82,45.192471,5.757864
2025-03-18T18:46:59+00:00,151,10.368,200.6,82,45.192461,5.757898
2025-03-18T18:47:00+00:00,151,9.864,200.6,81,45.192451,5.757931
2025-03-18T18:47:01+00:00,150,10.224,200.4,81,45.192444,5.757973
2025-03-18T18:47:02+00:00,151,10.8,200.4,81,45.192431,5.758011
2025-03-18T18:47:03+00:00,151,10.584,200.4,81,45.192419,5.758034
2025-03-18T18:47:04+00:00,150,11.304,200.4,81,45.192401,5.758071
2025-03-18T18:47:05+00:00,151,11.376000000000001,200.4,81,45.192384,5.758095
2025-03-18T18:47:06+00:00,151,10.44,200.4,80,45.192371,5.758122
2025-03-18T18:47:07+00:00,150,10.224,200.4,80,45.192353,5.758155
2025-03-18T18:47:08+00:00,151,10.512,200.4,80,45.192338,5.758188
2025-03-18T18:47:09+00:00,151,10.008,200.4,81,45.192329,5.758221
2025-03-18T18:47:10+00:00,151,10.8,200.4,81,45.192311,5.75826
2025-03-18T18:47:11+00:00,151,11.16,200.4,81,45.192296,5.75829
2025-03-18T18:47:12+00:00,150,11.16,200.4,81,45.192291,5.75833
2025-03-18T18:47:13+00:00,151,11.16,200.4,81,45.192277,5.758365
2025-03-18T18:47:14+00:00,151,11.16,200.2,80,45.192258,5.75839
2025-03-18T18:47:15+00:00,150,10.512,200.2,81,45.192241,5.758418
2025-03-18T18:47:16+00:00,151,10.296,200.2,81,45.192231,5.758447
2025-03-18T18:47:17+00:00,151,9.792000000000002,200.2,81,45.192224,5.758477
2025-03-18T18:47:18+00:00,150,10.296,200.2,81,45.192211,5.758523
2025-03-18T18:47:19+00:00,151,10.584,200.2,81,45.192199,5.758556
2025-03-18T18:47:20+00:00,150,10.44,200.2,81,45.19219,5.758582
2025-03-18T18:47:21+00:00,150,10.8,200.2,81,45.192181,5.758622
2025-03-18T18:47:22+00:00,150,11.016,200.2,81,45.192172,5.75865
2025-03-18T18:47:23+00:00,150,10.224,200.2,81,45.192168,5.758681
2025-03-18T18:47:24+00:00,150,9.792000000000002,200.2,80,45.192164,5.758717
2025-03-18T18:47:25+00:00,149,9.576,200.2,80,45.19216,5.758748
2025-03-18T18:47:26+00:00,149,9.432,200.0,80,45.192156,5.758784
2025-03-18T18:47:27+00:00,149,9.72,200.0,81,45.192148,5.758825
2025-03-18T18:47:28+00:00,149,9.864,200.0,81,45.19214,5.75886
2025-03-18T18:47:29+00:00,149,10.8,200.0,81,45.192135,5.758906
2025-03-18T18:47:30+00:00,149,11.376000000000001,200.0,81,45.192133,5.758943
2025-03-18T18:47:31+00:00,149,11.016,200.0,81,45.192135,5.758974
2025-03-18T18:47:32+00:00,149,11.304,200.0,81,45.192128,5.759016
2025-03-18T18:47:33+00:00,150,11.016,200.0,81,45.192131,5.759049
2025-03-18T18:47:34+00:00,149,10.224,200.0,81,45.192133,5.759081
2025-03-18T18:47:35+00:00,149,10.008,200.0,81,45.192129,5.759121
2025-03-18T18:47:36+00:00,149,10.224,200.0,81,45.192123,5.759156
2025-03-18T18:47:37+00:00,149,10.008,200.0,80,45.192124,5.759191
2025-03-18T18:47:38+00:00,149,10.152,200.0,80,45.192121,5.75923
2025-03-18T18:47:39+00:00,149,10.296,200.0,80,45.192115,5.759264
2025-03-18T18:47:40+00:00,149,10.224,200.0,80,45.192115,5.759303
2025-03-18T18:47:41+00:00,150,10.224,200.0,80,45.192106,5.759337
2025-03-18T18:47:42+00:00,149,10.152,200.0,80,45.192101,5.759377
2025-03-18T18:47:43+00:00,149,10.584,200.0,80,45.1921,5.759409
2025-03-18T18:47:44+00:00,149,10.224,200.0,80,45.192095,5.759444
2025-03-18T18:47:45+00:00,149,10.44,200.0,80,45.192091,5.759478
2025-03-18T18:47:46+00:00,149,10.368,200.0,80,45.192087,5.75951
2025-03-18T18:47:47+00:00,149,10.224,200.0,80,45.192079,5.759547
2025-03-18T18:47:48+00:00,149,9.576,200.0,80,45.192077,5.759576
2025-03-18T18:47:49+00:00,149,9.864,200.0,80,45.192077,5.75961
2025-03-18T18:47:50+00:00,149,9.648000000000001,200.0,80,45.192069,5.759647
2025-03-18T18:47:51+00:00,149,9.360000000000001,200.0,80,45.192067,5.759677
2025-03-18T18:47:52+00:00,149,9.648000000000001,200.0,80,45.192066,5.759715
2025-03-18T18:47:53+00:00,148,10.008,200.0,80,45.192069,5.759755
2025-03-18T18:47:54+00:00,148,9.792000000000002,200.0,80,45.192069,5.759779
2025-03-18T18:47:55+00:00,148,9.792000000000002,200.0,81,45.19207,5.759818
2025-03-18T18:47:56+00:00,148,9.936,200.0,81,45.192071,5.759849
2025-03-18T18:47:57+00:00,148,9.576,200.0,81,45.192074,5.759878
2025-03-18T18:47:58+00:00,148,9.432,200.0,81,45.192074,5.759914
2025-03-18T18:47:59+00:00,147,9.504000000000001,200.0,81,45.192081,5.759935
2025-03-18T18:48:00+00:00,148,9.072000000000001,200.0,81,45.192082,5.759966
2025-03-18T18:48:01+00:00,148,8.784,200.2,82,45.192083,5.759995
2025-03-18T18:48:02+00:00,147,8.28,200.2,83,45.192085,5.760023
2025-03-18T18:48:03+00:00,148,7.704000000000001,200.2,83,45.192083,5.760055
2025-03-18T18:48:04+00:00,148,7.632000000000001,200.2,83,45.192083,5.76009
2025-03-18T18:48:05+00:00,147,8.352,200.2,83,45.192082,5.760124
2025-03-18T18:48:06+00:00,148,8.712,200.0,82,45.192078,5.760163
2025-03-18T18:48:07+00:00,148,9.504000000000001,200.0,81,45.19207,5.760197
2025-03-18T18:48:08+00:00,148,9.864,200.0,81,45.192058,5.760227
2025-03-18T18:48:09+00:00,149,9.792000000000002,200.0,81,45.192042,5.760257
2025-03-18T18:48:10+00:00,149,9.288,200.2,81,45.192025,5.760276
2025-03-18T18:48:11+00:00,149,9.288,200.2,81,45.192009,5.760309
2025-03-18T18:48:12+00:00,149,8.712,200.2,80,45.191987,5.760332
2025-03-18T18:48:13+00:00,149,8.424,200.2,80,45.191974,5.760358
2025-03-18T18:48:14+00:00,148,9.216000000000001,200.2,81,45.191961,5.760397
2025-03-18T18:48:15+00:00,149,10.08,200.2,81,45.191951,5.760442
2025-03-18T18:48:16+00:00,149,10.512,200.2,80,45.191942,5.760476
2025-03-18T18:48:17+00:00,148,11.808,200.2,80,45.191938,5.76052
2025-03-18T18:48:18+00:00,148,12.384,200.2,80,45.191938,5.760555
2025-03-18T18:48:19+00:00,148,11.664000000000001,200.2,80,45.191933,5.760588
2025-03-18T18:48:20+00:00,148,11.448,200.4,80,45.191929,5.760632
2025-03-18T18:48:21+00:00,148,10.944,200.4,82,45.19193,5.760659
2025-03-18T18:48:22+00:00,148,10.152,200.4,83,45.19193,5.760696
2025-03-18T18:48:23+00:00,149,10.368,200.4,83,45.191936,5.760736
2025-03-18T18:48:24+00:00,149,10.152,200.4,83,45.191939,5.760764
2025-03-18T18:48:25+00:00,149,10.08,200.4,83,45.19194,5.760806
2025-03-18T18:48:26+00:00,149,10.368,200.4,82,45.191938,5.760843
2025-03-18T18:48:27+00:00,149,10.008,200.4,81,45.191941,5.760874
2025-03-18T18:48:28+00:00,149,10.224,200.4,81,45.191941,5.76092
2025-03-18T18:48:29+00:00,149,10.8,200.4,82,45.191942,5.760959
2025-03-18T18:48:30+00:00,150,10.656,200.4,82,45.191942,5.760992
2025-03-18T18:48:31+00:00,150,10.872,200.4,82,45.191941,5.761036
2025-03-18T18:48:32+00:00,150,11.016,200.4,81,45.191936,5.76107
2025-03-18T18:48:33+00:00,150,11.088000000000001,200.4,81,45.191941,5.761109
2025-03-18T18:48:34+00:00,151,11.088000000000001,200.4,81,45.191944,5.761149
2025-03-18T18:48:35+00:00,150,10.944,200.4,81,45.191945,5.761184
2025-03-18T18:48:36+00:00,150,10.944,200.4,81,45.191949,5.761221
2025-03-18T18:48:37+00:00,150,11.232000000000001,200.4,81,45.191948,5.761262
2025-03-18T18:48:38+00:00,151,10.656,200.4,81,45.191947,5.76129
2025-03-18T18:48:39+00:00,151,10.656,200.4,81,45.19195,5.761334
2025-03-18T18:48:40+00:00,150,10.584,200.4,81,45.191953,5.761367
2025-03-18T18:48:41+00:00,150,10.224,200.4,81,45.191955,5.761398
2025-03-18T18:48:42+00:00,150,10.008,200.4,81,45.191958,5.761439
2025-03-18T18:48:43+00:00,151,10.008,200.4,82,45.191959,5.761473
2025-03-18T18:48:44+00:00,151,10.008,200.4,82,45.191965,5.761511
2025-03-18T18:48:45+00:00,151,10.296,200.4,81,45.191969,5.761554
2025-03-18T18:48:46+00:00,151,10.368,200.4,81,45.191974,5.76159
2025-03-18T18:48:47+00:00,151,11.088000000000001,200.4,81,45.19198,5.76163
2025-03-18T18:48:48+00:00,150,11.448,200.4,81,45.191983,5.761671
2025-03-18T18:48:49+00:00,150,10.944,200.4,81,45.191994,5.761699
2025-03-18T18:48:50+00:00,150,11.16,200.4,81,45.191998,5.761734
2025-03-18T18:48:51+00:00,150,11.088000000000001,200.4,80,45.192005,5.761768
2025-03-18T18:48:52+00:00,151,9.432,200.4,80,45.192006,5.761788
2025-03-18T18:48:53+00:00,151,9.360000000000001,200.4,80,45.192009,5.761827
2025-03-18T18:48:54+00:00,151,9.504000000000001,200.4,80,45.192009,5.761863
2025-03-18T18:48:55+00:00,151,8.928,200.4,80,45.19201,5.761895
2025-03-18T18:48:56+00:00,150,9.216000000000001,200.4,80,45.192015,5.761937
2025-03-18T18:48:57+00:00,151,10.08,200.4,81,45.192018,5.761971
2025-03-18T18:48:58+00:00,151,10.152,200.4,81,45.192019,5.762006
2025-03-18T18:48:59+00:00,150,10.584,200.4,81,45.192021,5.762045
2025-03-18T18:49:00+00:00,151,10.368,200.4,81,45.192022,5.76207
2025-03-18T18:49:01+00:00,151,9.792000000000002,200.4,81,45.192021,5.762103
2025-03-18T18:49:02+00:00,150,9.864,200.4,82,45.192022,5.762137
2025-03-18T18:49:03+00:00,151,8.856,200.4,82,45.192027,5.762164
2025-03-18T18:49:04+00:00,151,9.360000000000001,200.4,82,45.192039,5.76221
2025-03-18T18:49:05+00:00,150,9.864,200.4,82,45.192043,5.762247
2025-03-18T18:49:06+00:00,151,9.936,200.4,82,45.192045,5.762277
2025-03-18T18:49:07+00:00,150,10.008,200.4,82,45.19205,5.762318
2025-03-18T18:49:08+00:00,150,10.8,200.4,82,45.192051,5.762355
2025-03-18T18:49:09+00:00,150,10.368,200.4,82,45.192054,5.762392
2025-03-18T18:49:10+00:00,149,10.512,200.6,82,45.192054,5.762435
2025-03-18T18:49:11+00:00,149,10.44,200.6,82,45.192052,5.762464
2025-03-18T18:49:12+00:00,149,10.944,200.6,82,45.192057,5.762506
2025-03-18T18:49:13+00:00,149,10.944,200.8,82,45.192057,5.762545
2025-03-18T18:49:14+00:00,149,10.368,200.8,82,45.192057,5.762574
2025-03-18T18:49:15+00:00,149,10.44,200.8,82,45.192064,5.762617
2025-03-18T18:49:16+00:00,149,10.584,200.8,82,45.192061,5.762651
2025-03-18T18:49:17+00:00,150,9.936,200.8,81,45.192056,5.762685
2025-03-18T18:49:18+00:00,149,10.296,200.8,81,45.192058,5.76273
2025-03-18T18:49:19+00:00,149,10.656,200.8,81,45.192055,5.762767
2025-03-18T18:49:20+00:00,149,10.296,201.0,81,45.192057,5.762798
2025-03-18T18:49:21+00:00,149,10.728,201.0,81,45.192062,5.762836
2025-03-18T18:49:22+00:00,149,10.224,201.0,81,45.192062,5.762863
2025-03-18T18:49:23+00:00,149,9.936,201.0,82,45.192065,5.762902
2025-03-18T18:49:24+00:00,149,9.792000000000002,201.0,82,45.192068,5.76294
2025-03-18T18:49:25+00:00,149,9.576,201.0,82,45.192068,5.762971
2025-03-18T18:49:26+00:00,150,10.008,201.0,82,45.192077,5.763017
2025-03-18T18:49:27+00:00,150,10.656,201.0,82,45.192076,5.763053
2025-03-18T18:49:28+00:00,150,10.872,201.0,81,45.192074,5.76309
2025-03-18T18:49:29+00:00,150,11.376000000000001,201.0,81,45.192082,5.763136
2025-03-18T18:49:30+00:00,150,11.232000000000001,201.2,82,45.192083,5.763162
2025-03-18T18:49:31+00:00,151,10.8,201.2,82,45.192087,5.763203
2025-03-18T18:49:32+00:00,150,11.016,201.2,83,45.192091,5.763242
2025-03-18T18:49:33+00:00,151,10.584,201.2,83,45.192097,5.763273
2025-03-18T18:49:34+00:00,151,10.08,201.2,82,45.192105,5.763309
2025-03-18T18:49:35+00:00,151,10.44,201.2,82,45.192109,5.763346
2025-03-18T18:49:36+00:00,150,10.368,201.2,82,45.19211,5.763381
2025-03-18T18:49:37+00:00,150,10.728,201.2,81,45.192113,5.763427
2025-03-18T18:49:38+00:00,150,10.584,201.4,81,45.192113,5.76346
2025-03-18T18:49:39+00:00,149,10.584,201.4,82,45.192116,5.763495
2025-03-18T18:49:40+00:00,149,11.016,201.4,82,45.192115,5.76354
2025-03-18T18:49:41+00:00,149,10.368,201.4,81,45.192115,5.763567
2025-03-18T18:49:42+00:00,149,10.152,201.4,81,45.192116,5.763606
2025-03-18T18:49:43+00:00,149,10.152,201.2,81,45.192114,5.76364
2025-03-18T18:49:44+00:00,149,10.08,201.2,81,45.192115,5.763671
2025-03-18T18:49:45+00:00,149,10.008,201.2,81,45.192122,5.763713
2025-03-18T18:49:46+00:00,149,10.44,201.2,81,45.192127,5.763749
2025-03-18T18:49:47+00:00,149,10.296,201.2,81,45.192136,5.763779
2025-03-18T18:49:48+00:00,149,10.584,201.2,82,45.192143,5.763817
2025-03-18T18:49:49+00:00,149,10.368,201.2,82,45.192146,5.763847
2025-03-18T18:49:50+00:00,149,10.008,201.2,82,45.192156,5.763878
2025-03-18T18:49:51+00:00,149,9.648000000000001,201.2,82,45.192159,5.763909
2025-03-18T18:49:52+00:00,149,9.360000000000001,201.2,83,45.192161,5.763944
2025-03-18T18:49:53+00:00,149,9.216000000000001,201.2,83,45.192161,5.763984
2025-03-18T18:49:54+00:00,149,9.432,201.2,84,45.19216,5.764021
2025-03-18T18:49:55+00:00,149,9.792000000000002,201.2,84,45.192163,5.764061
2025-03-18T18:49:56+00:00,150,10.44,201.2,83,45.192163,5.764103
2025-03-18T18:49:57+00:00,151,10.656,201.2,82,45.192165,5.764136
2025-03-18T18:49:58+00:00,153,11.304,201.2,82,45.192169,5.764182
2025-03-18T18:49:59+00:00,153,11.520000000000001,201.2,81,45.192166,5.764222
2025-03-18T18:50:00+00:00,154,11.448,201.2,81,45.192168,5.764259
2025-03-18T18:50:01+00:00,154,11.520000000000001,201.2,82,45.192168,5.764301
2025-03-18T18:50:02+00:00,155,11.088000000000001,201.2,82,45.192171,5.764332
2025-03-18T18:50:03+00:00,155,10.944,201.2,82,45.192175,5.764373
2025-03-18T18:50:04+00:00,155,10.944,201.2,82,45.192175,5.764413
2025-03-18T18:50:05+00:00,155,10.584,201.2,82,45.192177,5.764446
2025-03-18T18:50:06+00:00,156,10.584,201.0,82,45.192183,5.764487
2025-03-18T18:50:07+00:00,155,11.016,201.0,82,45.192185,5.764524
2025-03-18T18:50:08+00:00,155,10.8,201.0,83,45.192188,5.764559
2025-03-18T18:50:09+00:00,155,10.656,201.0,83,45.192191,5.764597
2025-03-18T18:50:10+00:00,155,10.512,201.0,83,45.192192,5.764631
2025-03-18T18:50:11+00:00,155,10.512,201.0,83,45.192198,5.764671
2025-03-18T18:50:12+00:00,155,10.44,201.0,82,45.192208,5.764707
2025-03-18T18:50:13+00:00,155,10.08,201.0,82,45.192214,5.764741
2025-03-18T18:50:14+00:00,155,10.8,201.0,82,45.192219,5.76479
2025-03-18T18:50:15+00:00,155,11.448,201.0,82,45.19222,5.76483
2025-03-18T18:50:16+00:00,155,11.232000000000001,201.0,83,45.19222,5.764864
2025-03-18T18:50:17+00:00,155,11.448,201.0,83,45.192221,5.764903
2025-03-18T18:50:18+00:00,155,11.376000000000001,201.0,83,45.192218,5.764936
2025-03-18T18:50:19+00:00,155,10.656,201.0,82,45.192223,5.764968
2025-03-18T18:50:20+00:00,155,10.152,201.0,81,45.192226,5.765004
2025-03-18T18:50:21+00:00,155,9.864,201.0,81,45.192231,5.765036
2025-03-18T18:50:22+00:00,155,9.576,201.0,81,45.192235,5.765073
2025-03-18T18:50:23+00:00,155,9.72,201.0,81,45.192237,5.76511
2025-03-18T18:50:24+00:00,154,9.864,201.0,81,45.192238,5.765146
2025-03-18T18:50:25+00:00,154,10.368,201.0,81,45.192244,5.765186
2025-03-18T18:50:26+00:00,154,10.296,201.0,81,45.192246,5.76522
2025-03-18T18:50:27+00:00,153,9.936,201.0,81,45.192248,5.765248
2025-03-18T18:50:28+00:00,153,10.44,201.0,81,45.192254,5.765288
2025-03-18T18:50:29+00:00,153,10.08,201.0,81,45.192256,5.765319
2025-03-18T18:50:30+00:00,153,9.576,201.2,80,45.192254,5.765353
2025-03-18T18:50:31+00:00,153,9.576,201.2,81,45.192257,5.765389
2025-03-18T18:50:32+00:00,153,9.792000000000002,201.2,81,45.192261,5.765422
2025-03-18T18:50:33+00:00,152,9.576,201.2,81,45.19227,5.76546
2025-03-18T18:50:34+00:00,152,9.792000000000002,201.2,81,45.192273,5.765502
2025-03-18T18:50:35+00:00,152,9.864,201.2,81,45.192277,5.765536
2025-03-18T18:50:36+00:00,152,10.44,201.2,81,45.192279,5.765574
2025-03-18T18:50:37+00:00,152,10.584,201.2,81,45.192278,5.765613
2025-03-18T18:50:38+00:00,151,10.512,201.2,81,45.192282,5.765645
2025-03-18T18:50:39+00:00,151,10.512,201.2,80,45.192285,5.765683
2025-03-18T18:50:40+00:00,151,10.944,201.2,80,45.192286,5.765722
2025-03-18T18:50:41+00:00,151,10.512,201.2,80,45.192288,5.765754
2025-03-18T18:50:42+00:00,150,10.512,201.2,81,45.19229,5.765792
2025-03-18T18:50:43+00:00,150,10.656,201.2,81,45.192291,5.765825
2025-03-18T18:50:44+00:00,150,10.224,201.2,81,45.1923,5.765852
2025-03-18T18:50:45+00:00,150,9.360000000000001,201.2,81,45.192304,5.765886
2025-03-18T18:50:46+00:00,149,9.576,201.4,82,45.192309,5.765924
2025-03-18T18:50:47+00:00,149,9.72,201.4,82,45.192314,5.765958
2025-03-18T18:50:48+00:00,149,9.144,201.4,82,45.192311,5.76599
2025-03-18T18:50:49+00:00,149,9.216000000000001,201.4,81,45.19231,5.766024
2025-03-18T18:50:50+00:00,149,9.144,201.4,80,45.192307,5.766057
2025-03-18T18:50:51+00:00,150,9.216000000000001,201.4,80,45.192297,5.766093
2025-03-18T18:50:52+00:00,149,9.0,201.4,81,45.192304,5.766126
2025-03-18T18:50:53+00:00,149,10.008,201.4,81,45.192309,5.766171
2025-03-18T18:50:54+00:00,148,10.944,201.4,81,45.19231,5.766213
2025-03-18T18:50:55+00:00,148,11.376000000000001,201.4,81,45.192312,5.766246
2025-03-18T18:50:56+00:00,149,11.232000000000001,201.4,81,45.192316,5.766285
2025-03-18T18:50:57+00:00,149,11.520000000000001,201.4,81,45.192317,5.766324
2025-03-18T18:50:58+00:00,149,10.944,201.4,81,45.192316,5.766362
2025-03-18T18:50:59+00:00,149,10.872,201.4,81,45.192318,5.766405
2025-03-18T18:51:00+00:00,149,10.944,201.4,81,45.192318,5.766438
2025-03-18T18:51:01+00:00,149,10.872,201.4,81,45.192321,5.76647
2025-03-18T18:51:02+00:00,149,10.8,201.4,81,45.192326,5.766508
2025-03-18T18:51:03+00:00,149,10.512,201.4,81,45.192325,5.76654
2025-03-18T18:51:04+00:00,149,9.72,201.4,80,45.192326,5.766571
2025-03-18T18:51:05+00:00,149,9.72,201.4,80,45.192318,5.766612
2025-03-18T18:51:06+00:00,149,9.864,201.4,81,45.192307,5.766647
2025-03-18T18:51:07+00:00,150,10.08,201.4,81,45.1923,5.766683
2025-03-18T18:51:08+00:00,149,10.224,201.4,81,45.192292,5.766718
2025-03-18T18:51:09+00:00,149,10.296,201.2,80,45.192285,5.766753
2025-03-18T18:51:10+00:00,149,10.584,201.2,80,45.19228,5.76679
2025-03-18T18:51:11+00:00,149,10.656,201.2,80,45.192269,5.766826
2025-03-18T18:51:12+00:00,149,10.008,201.2,80,45.192264,5.766853
2025-03-18T18:51:13+00:00,149,10.224,201.2,80,45.192261,5.766893
2025-03-18T18:51:14+00:00,149,10.296,201.2,80,45.192257,5.766926
2025-03-18T18:51:15+00:00,150,10.008,201.2,81,45.192257,5.766962
2025-03-18T18:51:16+00:00,149,10.296,201.4,82,45.192252,5.767001
2025-03-18T18:51:17+00:00,149,10.368,201.4,82,45.192248,5.767035
2025-03-18T18:51:18+00:00,149,9.936,201.4,81,45.192246,5.767067
2025-03-18T18:51:19+00:00,149,10.512,201.4,81,45.192238,5.767109
2025-03-18T18:51:20+00:00,150,10.368,201.6,81,45.192232,5.767138
2025-03-18T18:51:21+00:00,150,9.648000000000001,201.6,81,45.192228,5.76717
2025-03-18T18:51:22+00:00,150,9.936,201.6,81,45.192216,5.767207
2025-03-18T18:51:23+00:00,150,10.368,201.6,81,45.192201,5.76724
2025-03-18T18:51:24+00:00,150,9.864,201.6,81,45.192194,5.767271
2025-03-18T18:51:25+00:00,149,10.224,201.8,81,45.192184,5.767307
2025-03-18T18:51:26+00:00,150,10.368,201.8,80,45.192181,5.767338
2025-03-18T18:51:27+00:00,150,10.296,201.8,80,45.192183,5.767372
2025-03-18T18:51:28+00:00,150,10.296,201.8,80,45.192179,5.767413
2025-03-18T18:51:29+00:00,150,10.152,201.8,80,45.19218,5.767443
2025-03-18T18:51:30+00:00,150,10.08,202.0,80,45.192179,5.767477
2025-03-18T18:51:31+00:00,150,10.08,202.0,80,45.192174,5.767512
2025-03-18T18:51:32+00:00,150,9.936,202.2,80,45.19217,5.767542
2025-03-18T18:51:33+00:00,150,9.144,202.2,79,45.192168,5.76757
2025-03-18T18:51:34+00:00,150,9.216000000000001,202.2,79,45.192149,5.767599
2025-03-18T18:51:35+00:00,149,8.352,202.0,78,45.192139,5.767619
2025-03-18T18:51:36+00:00,149,7.992000000000001,202.0,78,45.192129,5.767642
2025-03-18T18:51:37+00:00,149,7.704000000000001,202.0,79,45.192114,5.767669
2025-03-18T18:51:38+00:00,149,8.136,202.0,79,45.1921,5.767693
2025-03-18T18:51:39+00:00,149,7.776000000000001,201.8,80,45.192082,5.767715
2025-03-18T18:51:40+00:00,149,8.424,201.8,80,45.192056,5.767721
2025-03-18T18:51:41+00:00,149,8.496,201.8,80,45.192039,5.76773
2025-03-18T18:51:42+00:00,149,9.072000000000001,201.8,80,45.192011,5.767734
2025-03-18T18:51:43+00:00,149,9.360000000000001,201.8,80,45.191985,5.767737
2025-03-18T18:51:44+00:00,148,10.152,201.6,82,45.191959,5.767744
2025-03-18T18:51:45+00:00,149,10.368,201.6,82,45.191932,5.767745
2025-03-18T18:51:46+00:00,149,10.584,201.6,83,45.191907,5.767752
2025-03-18T18:51:47+00:00,149,10.44,201.6,83,45.191883,5.767757
2025-03-18T18:51:48+00:00,149,10.368,201.6,83,45.191854,5.767759
2025-03-18T18:51:49+00:00,149,9.576,201.8,83,45.191837,5.767765
2025-03-18T18:51:50+00:00,150,9.144,201.8,81,45.191811,5.767768
2025-03-18T18:51:51+00:00,150,9.288,201.8,81,45.191783,5.767769
2025-03-18T18:51:52+00:00,151,9.936,201.8,81,45.191757,5.767779
2025-03-18T18:51:53+00:00,151,10.008,201.8,81,45.191728,5.767779
2025-03-18T18:51:54+00:00,151,10.512,201.8,81,45.191704,5.76778
2025-03-18T18:51:55+00:00,151,10.944,202.0,81,45.19168,5.76778
2025-03-18T18:51:56+00:00,152,11.16,202.0,81,45.191652,5.767773
2025-03-18T18:51:57+00:00,152,10.728,202.0,81,45.191624,5.767772
2025-03-18T18:51:58+00:00,152,10.656,202.0,81,45.191601,5.767774
2025-03-18T18:51:59+00:00,152,10.8,202.0,81,45.191573,5.767767
2025-03-18T18:52:00+00:00,151,10.44,202.0,80,45.19155,5.767772
2025-03-18T18:52:01+00:00,152,10.44,201.8,80,45.191524,5.767773
2025-03-18T18:52:02+00:00,151,10.224,201.8,80,45.191496,5.767763
2025-03-18T18:52:03+00:00,151,10.008,201.8,81,45.191474,5.767768
2025-03-18T18:52:04+00:00,151,10.08,201.8,81,45.191444,5.767771
2025-03-18T18:52:05+00:00,151,11.016,201.8,81,45.191409,5.767763
2025-03-18T18:52:06+00:00,151,11.016,201.8,80,45.191386,5.767763
2025-03-18T18:52:07+00:00,150,11.304,201.8,80,45.191357,5.767768
2025-03-18T18:52:08+00:00,151,11.592,201.8,80,45.191327,5.767774
2025-03-18T18:52:09+00:00,150,11.448,201.6,80,45.191306,5.767795
2025-03-18T18:52:10+00:00,150,10.656,201.6,80,45.191281,5.767812
2025-03-18T18:52:11+00:00,150,10.512,201.8,81,45.191262,5.767831
2025-03-18T18:52:12+00:00,150,9.864,201.8,82,45.191248,5.767858
2025-03-18T18:52:13+00:00,149,9.72,201.6,82,45.191225,5.767881
2025-03-18T18:52:14+00:00,149,9.432,201.8,82,45.191206,5.767892
2025-03-18T18:52:15+00:00,149,9.504000000000001,201.8,82,45.191181,5.767905
2025-03-18T18:52:16+00:00,149,9.648000000000001,201.8,81,45.191153,5.767909
2025-03-18T18:52:17+00:00,149,10.296,201.8,81,45.19113,5.767914
2025-03-18T18:52:18+00:00,149,10.008,201.8,80,45.191107,5.767922
2025-03-18T18:52:19+00:00,149,9.936,201.8,80,45.191081,5.767921
2025-03-18T18:52:20+00:00,149,9.576,201.8,80,45.191062,5.767934
2025-03-18T18:52:21+00:00,149,9.216000000000001,201.8,80,45.191037,5.767942
2025-03-18T18:52:22+00:00,149,8.928,201.8,81,45.191008,5.767948
2025-03-18T18:52:23+00:00,150,9.072000000000001,201.8,81,45.190988,5.76796
2025-03-18T18:52:24+00:00,151,9.144,201.8,81,45.190969,5.767957
2025-03-18T18:52:25+00:00,151,9.072000000000001,201.8,81,45.190945,5.767952
2025-03-18T18:52:26+00:00,151,9.360000000000001,201.8,81,45.190917,5.767951
2025-03-18T18:52:27+00:00,152,9.72,201.8,81,45.190889,5.767928
2025-03-18T18:52:28+00:00,152,10.008,201.8,81,45.190865,5.767917
2025-03-18T18:52:29+00:00,152,10.872,201.8,82,45.190834,5.767896
2025-03-18T18:52:30+00:00,152,11.448,201.8,82,45.190809,5.767879
2025-03-18T18:52:31+00:00,152,11.808,201.8,82,45.190786,5.767867
2025-03-18T18:52:32+00:00,152,11.592,201.8,82,45.19076,5.76784
2025-03-18T18:52:33+00:00,152,11.304,201.8,83,45.190719,5.767796
2025-03-18T18:52:34+00:00,152,10.944,201.8,83,45.1907,5.767763
2025-03-18T18:52:35+00:00,152,11.088000000000001,201.8,82,45.190691,5.767743
2025-03-18T18:52:36+00:00,152,10.224,201.8,81,45.190681,5.767706
2025-03-18T18:52:37+00:00,152,10.008,202.0,81,45.190674,5.767673
2025-03-18T18:52:38+00:00,152,10.224,202.0,81,45.190673,5.767644
2025-03-18T18:52:39+00:00,152,9.432,202.0,81,45.190669,5.767603
2025-03-18T18:52:40+00:00,152,9.072000000000001,202.0,81,45.190664,5.767564
2025-03-18T18:52:41+00:00,152,9.72,202.0,81,45.190657,5.767527
2025-03-18T18:52:42+00:00,152,9.648000000000001,202.0,81,45.19065,5.767499
2025-03-18T18:52:43+00:00,152,9.0,202.2,81,45.190645,5.767462
2025-03-18T18:52:44+00:00,152,9.648000000000001,202.2,81,45.190647,5.767442
